Number,gDNA.Extraction.Plate,Well,,,,,,
2220,Plate016,A1,,FALSE,,,,
2607,Plate016,A2,,TRUE,,,,
2065,Plate016,A3,,FALSE,,,,
2080,Plate016,A4,,FALSE,,,,
2176,Plate016,A5,,FALSE,,,,
2198,Plate016,A6,,FALSE,,,,
2196,Plate016,A7,,FALSE,,,,
2223,Plate016,A8,,FALSE,,,,
2050,Plate016,A9,,FALSE,,,,
2202,Plate016,A10,,FALSE,,,,
2078,Plate016,A11,,FALSE,,,,
2064,Plate016,A12,,FALSE,,,,
2194,Plate016,B1,,FALSE,,,,
2210,Plate016,B2,,FALSE,,,,
2057,Plate016,B3,,FALSE,,,,
2219,Plate016,B4,,FALSE,,,,
2208,Plate016,B5,,FALSE,,,,
2222,Plate016,B6,,FALSE,,,,
2180,Plate016,B7,,FALSE,,,,
2061,Plate016,B8,,FALSE,,,,
2077,Plate016,B9,,FALSE,,,,
2221,Plate016,B10,,FALSE,,,,
2051,Plate016,B11,,FALSE,,,,
2190,Plate016,B12,,FALSE,,,,
2189,Plate016,C1,,FALSE,,,,
2186,Plate016,C2,,FALSE,,,,
2215,Plate016,C3,,FALSE,,,,
2062,Plate016,C4,,FALSE,,,,
2072,Plate016,C5,,FALSE,,,,
2178,Plate016,C6,,FALSE,,,,
2209,Plate016,C7,,FALSE,,,,
2204,Plate016,C8,,FALSE,,,,
2054,Plate016,C9,,FALSE,,,,
2195,Plate016,C10,,FALSE,,,,
2060,Plate016,C11,,FALSE,,,,
2058,Plate016,C12,,FALSE,,,,
2068,Plate016,D1,,FALSE,,,,
2074,Plate016,D2,,FALSE,,,,
2192,Plate016,D3,,FALSE,,,,
2070,Plate016,D4,,FALSE,,,,
2188,Plate016,D5,,FALSE,,,,
2212,Plate016,D6,,FALSE,,,,
2199,Plate016,D7,,FALSE,,,,
2206,Plate016,D8,,FALSE,,,,
2211,Plate016,D9,,FALSE,,,,
2201,Plate016,D10,,FALSE,,,,
2225,Plate016,D11,,FALSE,,,,
2200,Plate016,D12,,FALSE,,,,
2185,Plate016,E1,,FALSE,,,,
2049,Plate016,E2,,FALSE,,,,
2184,Plate016,E3,,FALSE,,,,
2048,Plate016,E4,,FALSE,,,,
2055,Plate016,E5,,FALSE,,,,
2075,Plate016,E6,,FALSE,,,,
2069,Plate016,E7,,FALSE,,,,
2177,Plate016,E8,,FALSE,,,,
2071,Plate016,E9,,FALSE,,,,
2207,Plate016,E10,,FALSE,,,,
2183,Plate016,E11,,FALSE,,,,
2073,Plate016,E12,,FALSE,,,,
2205,Plate016,F1,,FALSE,,,,
2213,Plate016,F2,,FALSE,,,,
2224,Plate016,F3,,FALSE,,,,
2067,Plate016,F4,,FALSE,,,,
2059,Plate016,F5,,FALSE,,,,
2182,Plate016,F6,,FALSE,,,,
2193,Plate016,F7,,FALSE,,,,
2056,Plate016,F8,,FALSE,,,,
2187,Plate016,F9,,FALSE,,,,
2191,Plate016,F10,,FALSE,,,,
2197,Plate016,F11,,FALSE,,,,
2214,Plate016,F12,,FALSE,,,,
2076,Plate016,G1,,FALSE,,,,
2179,Plate016,G2,,FALSE,,,,
2217,Plate016,G3,,FALSE,,,,
2079,Plate016,G4,,FALSE,,,,
2052,Plate016,G5,,FALSE,,,,
2203,Plate016,G6,,FALSE,,,,
2066,Plate016,G7,,FALSE,,,,
2046,Plate016,G8,,FALSE,,,,
2047,Plate016,G9,,FALSE,,,,
1438,Plate016,G10,,FALSE,,,,
1395,Plate016,G11,,FALSE,,,,
1384,Plate016,G12,,FALSE,,,,
1410,Plate016,H1,,FALSE,,,,
1447,Plate016,H2,,FALSE,,,,
1423,Plate016,H3,,FALSE,,,,
1444,Plate016,H4,,FALSE,,,,
1420,Plate016,H5,,FALSE,,,,
1440,Plate016,H6,,FALSE,,,,
1427,Plate016,H7,,FALSE,,,,
1411,Plate016,H8,,FALSE,,,,
1394,Plate016,H9,,FALSE,,,,
1392,Plate016,H10,,FALSE,,,,
1391,Plate016,H11,,FALSE,,,,
1407,Plate016,H12,,FALSE,,,,
1398,Plate017,A1,,FALSE,,,,
1403,Plate017,A2,,FALSE,,,,
1429,Plate017,A3,,FALSE,,,,
1406,Plate017,A4,,FALSE,,,,
1417,Plate017,A5,,FALSE,,,,
1396,Plate017,A6,,FALSE,,,,
1401,Plate017,A7,,FALSE,,,,
1409,Plate017,A8,,FALSE,,,,
1325,Plate017,A9,,FALSE,,,,
1432,Plate017,A10,,FALSE,,,,
1317,Plate017,A11,,FALSE,,,,
1324,Plate017,A12,,FALSE,,,,
1390,Plate017,B1,,FALSE,,,,
1419,Plate017,B2,,FALSE,,,,
1453,Plate017,B3,,FALSE,,,,
1322,Plate017,B4,,FALSE,,,,
1443,Plate017,B5,,FALSE,,,,
1439,Plate017,B6,,FALSE,,,,
1319,Plate017,B7,,FALSE,,,,
1400,Plate017,B8,,FALSE,,,,
1433,Plate017,B9,,FALSE,,,,
1449,Plate017,B10,,FALSE,,,,
2251,Plate017,B11,,FALSE,,,,
2270,Plate017,B12,,FALSE,,,,
2163,Plate017,C1,,FALSE,,,,
2265,Plate017,C2,,FALSE,,,,
2316,Plate017,C3,,FALSE,,,,
2262,Plate017,C4,,FALSE,,,,
2282,Plate017,C5,,FALSE,,,,
2150,Plate017,C6,,FALSE,,,,
2100,Plate017,C7,,FALSE,,,,
2281,Plate017,C8,,FALSE,,,,
2264,Plate017,C9,,FALSE,,,,
2261,Plate017,C10,,FALSE,,,,
2244,Plate017,C11,,FALSE,,,,
2280,Plate017,C12,,FALSE,,,,
2257,Plate017,D1,,FALSE,,,,
2292,Plate017,D2,,FALSE,,,,
2283,Plate017,D3,,FALSE,,,,
2260,Plate017,D4,,FALSE,,,,
2273,Plate017,D5,,FALSE,,,,
2250,Plate017,D6,,FALSE,,,,
2306,Plate017,D7,,FALSE,,,,
2242,Plate017,D8,,FALSE,,,,
2271,Plate017,D9,,FALSE,,,,
2297,Plate017,D10,,FALSE,,,,
2101,Plate017,D11,,FALSE,,,,
2298,Plate017,D12,,FALSE,,,,
2294,Plate017,E1,,FALSE,,,,
2254,Plate017,E2,,FALSE,,,,
2103,Plate017,E3,,FALSE,,,,
2277,Plate017,E4,,FALSE,,,,
2267,Plate017,E5,,FALSE,,,,
2249,Plate017,E6,,FALSE,,,,
2320,Plate017,E7,,FALSE,,,,
2263,Plate017,E8,,FALSE,,,,
2322,Plate017,E9,,FALSE,,,,
2252,Plate017,E10,,FALSE,,,,
2247,Plate017,E11,,FALSE,,,,
2310,Plate017,E12,,FALSE,,,,
2104,Plate017,F1,,FALSE,,,,
2266,Plate017,F2,,FALSE,,,,
2102,Plate017,F3,,FALSE,,,,
2293,Plate017,F4,,FALSE,,,,
2318,Plate017,F5,,FALSE,,,,
2284,Plate017,F6,,FALSE,,,,
2817,Plate017,F7,,FALSE,,,,
2806,Plate017,F8,,FALSE,,,,
2693,Plate017,F9,,FALSE,,,,
2737,Plate017,F10,,FALSE,,,,
2796,Plate017,F11,,FALSE,,,,
2793,Plate017,F12,,FALSE,,,,
2808,Plate017,G1,,FALSE,,,,
2791,Plate017,G2,,FALSE,,,,
2794,Plate017,G3,,FALSE,,,,
2801,Plate017,G4,,FALSE,,,,
2181,Plate017,G5,,FALSE,,,,
2218,Plate017,G6,,FALSE,,,,
2216,Plate017,G7,,FALSE,,,,
2415,Plate017,G8,,FALSE,,,,
2385,Plate017,G9,,FALSE,,,,
2358,Plate017,G10,,FALSE,,,,
2347,Plate017,G11,,FALSE,,,,
2349,Plate017,G12,,FALSE,,,,
2333,Plate017,H1,,FALSE,,,,
2325,Plate017,H2,,FALSE,,,,
2416,Plate017,H3,,FALSE,,,,
2330,Plate017,H4,,FALSE,,,,
2351,Plate017,H5,,FALSE,,,,
2423,Plate017,H6,,FALSE,,,,
2340,Plate017,H7,,FALSE,,,,
2353,Plate017,H8,,FALSE,,,,
2341,Plate017,H9,,FALSE,,,,
2083,Plate017,H10,,FALSE,,,,
2419,Plate017,H11,,FALSE,,,,
2374,Plate017,H12,,FALSE,,,,
2418,Plate018,A1,,FALSE,,,,
2352,Plate018,A2,,FALSE,,,,
2342,Plate018,A3,,FALSE,,,,
2375,Plate018,A4,,FALSE,,,,
2344,Plate018,A5,,FALSE,,,,
2329,Plate018,A6,,FALSE,,,,
2453,Plate018,A7,,FALSE,,,,
2454,Plate018,A8,,FALSE,,,,
2357,Plate018,A9,,FALSE,,,,
2354,Plate018,A10,,FALSE,,,,
2082,Plate018,A11,,FALSE,,,,
2393,Plate018,A12,,FALSE,,,,
2350,Plate018,B1,,FALSE,,,,
2369,Plate018,B2,,FALSE,,,,
2451,Plate018,B3,,FALSE,,,,
2370,Plate018,B4,,FALSE,,,,
2360,Plate018,B5,,FALSE,,,,
2334,Plate018,B6,,FALSE,,,,
2424,Plate018,B7,,FALSE,,,,
2422,Plate018,B8,,FALSE,,,,
2414,Plate018,B9,,FALSE,,,,
2336,Plate018,B10,,FALSE,,,,
2443,Plate018,B11,,FALSE,,,,
2343,Plate018,B12,,FALSE,,,,
2421,Plate018,C1,,FALSE,,,,
2365,Plate018,C2,,FALSE,,,,
2429,Plate018,C3,,FALSE,,,,
2383,Plate018,C4,,FALSE,,,,
2367,Plate018,C5,,FALSE,,,,
2337,Plate018,C6,,FALSE,,,,
2378,Plate018,C7,,FALSE,,,,
2371,Plate018,C8,,FALSE,,,,
2328,Plate018,C9,,FALSE,,,,
2400,Plate018,C10,,FALSE,,,,
2373,Plate018,C11,,FALSE,,,,
2413,Plate018,C12,,FALSE,,,,
2319,Plate018,D1,,FALSE,,,,
2303,Plate018,D2,,FALSE,,,,
2290,Plate018,D3,,FALSE,,,,
2246,Plate018,D4,,FALSE,,,,
2291,Plate018,D5,,FALSE,,,,
2317,Plate018,D6,,FALSE,,,,
2299,Plate018,D7,,FALSE,,,,
2324,Plate018,D8,,FALSE,,,,
2168,Plate018,D9,,FALSE,,,,
2321,Plate018,D10,,FALSE,,,,
2296,Plate018,D11,,FALSE,,,,
2307,Plate018,D12,,FALSE,,,,
2259,Plate018,E1,,FALSE,,,,
2256,Plate018,E2,,FALSE,,,,
2308,Plate018,E3,,FALSE,,,,
2240,Plate018,E4,,FALSE,,,,
2315,Plate018,E5,,FALSE,,,,
2169,Plate018,E6,,FALSE,,,,
2309,Plate018,E7,,FALSE,,,,
2285,Plate018,E8,,FALSE,,,,
2279,Plate018,E9,,FALSE,,,,
2274,Plate018,E10,,FALSE,,,,
2311,Plate018,E11,,FALSE,,,,
2313,Plate018,E12,,FALSE,,,,
2258,Plate018,F1,could also be 2255,FALSE,,,,
2253,Plate018,F2,,FALSE,,,,
2295,Plate018,F3,,FALSE,,,,
2276,Plate018,F4,,FALSE,,,,
2275,Plate018,F5,,FALSE,,,,
2302,Plate018,F6,,FALSE,,,,
2248,Plate018,F7,,FALSE,,,,
2245,Plate018,F8,,FALSE,,,,
2323,Plate018,F9,,FALSE,,,,
2312,Plate018,F10,,FALSE,,,,
2304,Plate018,F11,,FALSE,,,,
2268,Plate018,F12,,FALSE,,,,
2243,Plate018,G1,,FALSE,,,,
2269,Plate018,G2,,FALSE,,,,
2272,Plate018,G3,,FALSE,,,,
2286,Plate018,G4,,FALSE,,,,
2255,Plate018,G5,,FALSE,,,,
2237,Plate018,G6,,FALSE,,,,
2314,Plate018,G7,,FALSE,,,,
2287,Plate018,G8,,FALSE,,,,
2288,Plate018,G9,,FALSE,,,,
2241,Plate018,G10,,FALSE,,,,
2305,Plate018,G11,,FALSE,,,,
2289,Plate018,G12,,FALSE,,,,
2300,Plate018,H1,,FALSE,,,,
2301,Plate018,H2,,FALSE,,,,
2278,Plate018,H3,,FALSE,,,,
2130,Plate018,H4,,FALSE,,,,
2127,Plate018,H5,,FALSE,,,,
2154,Plate018,H6,,FALSE,,,,
2140,Plate018,H7,,FALSE,,,,
2115,Plate018,H8,,FALSE,,,,
2147,Plate018,H9,,FALSE,,,,
2141,Plate018,H10,,FALSE,,,,
2155,Plate018,H11,,FALSE,,,,
2170,Plate018,H12,,FALSE,,,,
1448,Plate019,A1,,FALSE,,,,
1408,Plate019,A2,,FALSE,,,,
1497,Plate019,A3,,FALSE,,,,
1321,Plate019,A4,,FALSE,,,,
1412,Plate019,A5,,FALSE,,,,
1434,Plate019,A6,,FALSE,,,,
1397,Plate019,A7,,FALSE,,,,
1441,Plate019,A8,,FALSE,,,,
1393,Plate019,A9,,FALSE,,,,
1399,Plate019,A10,,FALSE,,,,
1387,Plate019,A11,,FALSE,,,,
1430,Plate019,A12,,FALSE,,,,
1442,Plate019,B1,,FALSE,,,,
1414,Plate019,B2,,FALSE,,,,
1385,Plate019,B3,,FALSE,,,,
1422,Plate019,B4,,FALSE,,,,
1402,Plate019,B5,,FALSE,,,,
1388,Plate019,B6,,FALSE,,,,
1426,Plate019,B7,,FALSE,,,,
1348,Plate019,B8,,FALSE,,,,
1421,Plate019,B9,,FALSE,,,,
1404,Plate019,B10,,FALSE,,,,
1425,Plate019,B11,,FALSE,,,,
1416,Plate019,B12,,FALSE,,,,
1418,Plate019,C1,,FALSE,,,,
1389,Plate019,C2,,FALSE,,,,
1386,Plate019,C3,,FALSE,,,,
1495,Plate019,C4,,FALSE,,,,
1437,Plate019,C5,,FALSE,,,,
1460,Plate019,C6,,FALSE,,,,
1320,Plate019,C7,,FALSE,,,,
1496,Plate019,C8,,FALSE,,,,
1450,Plate019,C9,,FALSE,,,,
1446,Plate019,C10,,FALSE,,,,
1431,Plate019,C11,,FALSE,,,,
1435,Plate019,C12,,FALSE,,,,
1445,Plate019,D1,,FALSE,,,,
1405,Plate019,D2,,FALSE,,,,
1413,Plate019,D3,,FALSE,,,,
2173,Plate019,D4,,FALSE,,,,
2094,Plate019,D5,,TRUE,,,,
2041,Plate019,D6,,FALSE,,,,
2171,Plate019,D7,,FALSE,,,,
2045,Plate019,D8,,FALSE,,,,
2029,Plate019,D9,duplicate,TRUE,,,,
2233,Plate019,D10,,FALSE,,,,
2231,Plate019,D11,,FALSE,,,,
2229,Plate019,D12,,FALSE,,,,
2039,Plate019,E1,duplicate,TRUE,,,,
2230,Plate019,E2,,FALSE,,,,
2039,Plate019,E3,double check since this is a duplicate,TRUE,,,,
2035,Plate019,E4,,FALSE,,,,
2234,Plate019,E5,,FALSE,,,,
2029,Plate019,E6,duplicate,TRUE,,,,
2235,Plate019,E7,,FALSE,,,,
2036,Plate019,E8,,FALSE,,,,
2232,Plate019,E9,,FALSE,,,,
2226,Plate019,E10,,FALSE,,,,
2238,Plate019,E11,,FALSE,,,,
2042,Plate019,E12,,FALSE,,,,
2030,Plate019,F1,,FALSE,,,,
2043,Plate019,F2,,FALSE,,,,
2175,Plate019,F3,,FALSE,,,,
2090,Plate019,F4,,TRUE,,,,
2236,Plate019,F5,,FALSE,,,,
2027,Plate019,F6,,FALSE,,,,
2033,Plate019,F7,,FALSE,,,,
2038,Plate019,F8,,FALSE,,,,
2174,Plate019,F9,,FALSE,,,,
2172,Plate019,F10,,FALSE,,,,
2037,Plate019,F11,,FALSE,,,,
2028,Plate019,F12,,FALSE,,,,
2032,Plate019,G1,,FALSE,,,,
2239,Plate019,G2,,FALSE,,,,
2053,Plate019,G3,,FALSE,,,,
2159,Plate019,G4,,FALSE,,,,
2153,Plate019,G5,,FALSE,,,,
2112,Plate019,G6,,FALSE,,,,
2132,Plate019,G7,,FALSE,,,,
2158,Plate019,G8,,FALSE,,,,
2125,Plate019,G9,,FALSE,,,,
2227,Plate019,G10,,FALSE,,,,
2106,Plate019,G11,,FALSE,,,,
2113,Plate019,G12,,FALSE,,,,
2135,Plate019,H1,,FALSE,,,,
2139,Plate019,H2,,FALSE,,,,
2116,Plate019,H3,,FALSE,,,,
2228,Plate019,H4,,FALSE,,,,
2143,Plate019,H5,,FALSE,,,,
2117,Plate019,H6,,FALSE,,,,
2133,Plate019,H7,,FALSE,,,,
2149,Plate019,H8,,FALSE,,,,
2134,Plate019,H9,,FALSE,,,,
2156,Plate019,H10,,FALSE,,,,
2111,Plate019,H11,,FALSE,,,,
2138,Plate019,H12,,FALSE,,,,
1424,Plate020,A1,,FALSE,,,,
1415,Plate020,A2,,FALSE,,,,
1436,Plate020,A3,,FALSE,,,,
1318,Plate020,A4,,FALSE,,,,
1428,Plate020,A5,,FALSE,,,,
1451,Plate020,A6,,FALSE,,,,
2609,Plate020,A7,,FALSE,,,,
2466,Plate020,A8,,FALSE,,,,
2458,Plate020,A9,,FALSE,,,,
2481,Plate020,A10,,FALSE,,,,
2956,Plate020,A11,,FALSE,,,,
2606,Plate020,A12,,FALSE,,,,
2463,Plate020,B1,,FALSE,,,,
2962,Plate020,B2,,FALSE,,,,
2960,Plate020,B3,,FALSE,,,,
3294,Plate020,B4,,FALSE,,,,
3339,Plate020,B5,,FALSE,,,,
3302,Plate020,B6,,FALSE,,,,
3299,Plate020,B7,,FALSE,,,,
3341,Plate020,B8,,FALSE,,,,
3340,Plate020,B9,,FALSE,,,,
3338,Plate020,B10,,FALSE,,,,
3349,Plate020,B11,,FALSE,,,,
3301,Plate020,B12,,FALSE,,,,
3314,Plate020,C1,,FALSE,,,,
3346,Plate020,C2,,FALSE,,,,
3333,Plate020,C3,,FALSE,,,,
3244,Plate020,C4,,FALSE,,,,
3297,Plate020,C5,,FALSE,,,,
3292,Plate020,C6,,FALSE,,,,
3293,Plate020,C7,,FALSE,,,,
3236,Plate020,C8,,FALSE,,,,
3329,Plate020,C9,,FALSE,,,,
3348,Plate020,C10,,FALSE,,,,
3252,Plate020,C11,,FALSE,,,,
3237,Plate020,C12,,FALSE,,,,
3310,Plate020,D1,,FALSE,,,,
3319,Plate020,D2,,FALSE,,,,
3311,Plate020,D3,,FALSE,,,,
3295,Plate020,D4,,FALSE,,,,
3241,Plate020,D5,,FALSE,,,,
3298,Plate020,D6,,FALSE,,,,
3306,Plate020,D7,,FALSE,,,,
3309,Plate020,D8,,FALSE,,,,
3347,Plate020,D9,,FALSE,,,,
3307,Plate020,D10,,FALSE,,,,
3246,Plate020,D11,,FALSE,,,,
3316,Plate020,D12,,FALSE,,,,
3249,Plate020,E1,,FALSE,,,,
3318,Plate020,E2,,FALSE,,,,
3300,Plate020,E3,,FALSE,,,,
3296,Plate020,E4,,FALSE,,,,
3224,Plate020,E5,duplicate,TRUE,3224 S9T3,,,
3345,Plate020,E6,,FALSE,,,,
3342,Plate020,E7,,FALSE,,,,
3248,Plate020,E8,,FALSE,,,,
3322,Plate020,E9,,FALSE,,,,
3327,Plate020,E10,,FALSE,,,,
3305,Plate020,E11,,FALSE,,,,
3350,Plate020,E12,,FALSE,,,,
3343,Plate020,F1,,FALSE,,,,
3320,Plate020,F2,,FALSE,,,,
3251,Plate020,F3,,FALSE,,,,
3304,Plate020,F4,,FALSE,,,,
3243,Plate020,F5,,FALSE,,,,
3313,Plate020,F6,,FALSE,,,,
3303,Plate020,F7,,FALSE,,,,
3315,Plate020,F8,,FALSE,,,,
3336,Plate020,F9,,FALSE,,,,
3328,Plate020,F10,,FALSE,,,,
3242,Plate020,F11,,FALSE,,,,
3344,Plate020,F12,,FALSE,,,,
3308,Plate020,G1,,FALSE,,,,
3317,Plate020,G2,,FALSE,,,,
3321,Plate020,G3,,FALSE,,,,
3245,Plate020,G4,,FALSE,,,,
3250,Plate020,G5,,FALSE,,,,
3337,Plate020,G6,,FALSE,,,,
3312,Plate020,G7,,FALSE,,,,
3331,Plate020,G8,,FALSE,,,,
3247,Plate020,G9,,FALSE,,,,
3326,Plate020,G10,,FALSE,,,,
3323,Plate020,G11,,FALSE,,,,
3330,Plate020,G12,,FALSE,,,,
3325,Plate020,H1,,FALSE,,,,
2985,Plate020,H2,,FALSE,,,,
2979,Plate020,H3,,FALSE,,,,
3224,Plate020,H4,duplicate,TRUE,3224 S6T3,,,
3185,Plate020,H5,,TRUE,,,,
3081,Plate020,H6,,FALSE,,,,
3117,Plate020,H7,,FALSE,,,,
3122,Plate020,H8,,FALSE,,,,
3111,Plate020,H9,,FALSE,,,,
3129,Plate020,H10,duplicate,TRUE,3129 S6T2,,,
3139,Plate020,H11,,FALSE,,,,
3076,Plate020,H12,,FALSE,,,,
2137,Plate021,A1,,FALSE,,,,
2146,Plate021,A2,,FALSE,,,,
2144,Plate021,A3,,FALSE,,,,
2121,Plate021,A4,,FALSE,,,,
2124,Plate021,A5,,FALSE,,,,
2110,Plate021,A6,,FALSE,,,,
2129,Plate021,A7,,FALSE,,,,
2108,Plate021,A8,,FALSE,,,,
2142,Plate021,A9,,FALSE,,,,
2123,Plate021,A10,,FALSE,,,,
2128,Plate021,A11,,FALSE,,,,
2107,Plate021,A12,,FALSE,,,,
2152,Plate021,B1,,FALSE,,,,
2119,Plate021,B2,,FALSE,,,,
2109,Plate021,B3,,FALSE,,,,
2145,Plate021,B4,,FALSE,,,,
2157,Plate021,B5,,FALSE,,,,
2120,Plate021,B6,,FALSE,,,,
2131,Plate021,B7,,FALSE,,,,
2126,Plate021,B8,,FALSE,,,,
2151,Plate021,B9,,FALSE,,,,
2122,Plate021,B10,,FALSE,,,,
2118,Plate021,B11,,FALSE,,,,
2114,Plate021,B12,,FALSE,,,,
3113,Plate021,C1,,FALSE,,,,
3082,Plate021,C2,,FALSE,,,,
3089,Plate021,C3,,FALSE,,,,
3103,Plate021,C4,,FALSE,,,,
3138,Plate021,C5,,FALSE,,,,
3104,Plate021,C6,,FALSE,,,,
3130,Plate021,C7,,FALSE,,,,
3163,Plate021,C8,,FALSE,,,,
3196,Plate021,C9,,FALSE,,,,
3097,Plate021,C10,,FALSE,,,,
3129,Plate021,C11,duplicate,TRUE,3129 S6T3,,,
3128,Plate021,C12,,FALSE,,,,
3085,Plate021,D1,,FALSE,,,,
3132,Plate021,D2,,FALSE,,,,
3119,Plate021,D3,,FALSE,,,,
3080,Plate021,D4,,FALSE,,,,
3175,Plate021,D5,,FALSE,,,,
3193,Plate021,D6,,FALSE,,,,
3083,Plate021,D7,,FALSE,,,,
3096,Plate021,D8,,FALSE,,,,
3127,Plate021,D9,,FALSE,,,,
3088,Plate021,D10,,FALSE,,,,
3133,Plate021,D11,,FALSE,,,,
3146,Plate021,D12,,FALSE,,,,
3121,Plate021,E1,,FALSE,,,,
3160,Plate021,E2,,FALSE,,,,
3169,Plate021,E3,,FALSE,,,,
3077,Plate021,E4,,FALSE,,,,
3078,Plate021,E5,,FALSE,,,,
3101,Plate021,E6,,FALSE,,,,
3106,Plate021,E7,,FALSE,,,,
3141,Plate021,E8,,FALSE,,,,
3118,Plate021,E9,,FALSE,,,,
3137,Plate021,E10,,FALSE,,,,
3154,Plate021,E11,,FALSE,,,,
3197,Plate021,E12,,FALSE,,,,
3124,Plate021,F1,,FALSE,,,,
3131,Plate021,F2,,FALSE,,,,
3136,Plate021,F3,,FALSE,,,,
3126,Plate021,F4,,FALSE,,,,
3148,Plate021,F5,,FALSE,,,,
3102,Plate021,F6,,FALSE,,,,
3100,Plate021,F7,,FALSE,,,,
3223,Plate021,F8,,FALSE,,,,
3168,Plate021,F9,,FALSE,,,,
3134,Plate021,F10,,FALSE,,,,
3112,Plate021,F11,,FALSE,,,,
3084,Plate021,F12,,FALSE,,,,
3167,Plate021,G1,,FALSE,,,,
3108,Plate021,G2,,FALSE,,,,
3147,Plate021,G3,,FALSE,,,,
3120,Plate021,G4,,FALSE,,,,
3216,Plate021,G5,,FALSE,,,,
3152,Plate021,G6,,FALSE,,,,
3109,Plate021,G7,,FALSE,,,,
3105,Plate021,G8,,FALSE,,,,
3094,Plate021,G9,,FALSE,,,,
3110,Plate021,G10,,FALSE,,,,
3099,Plate021,G11,,FALSE,,,,
3114,Plate021,G12,,FALSE,,,,
3144,Plate021,H1,,FALSE,,,,
3201,Plate021,H2,,FALSE,,,,
3173,Plate021,H3,,FALSE,,,,
3107,Plate021,H4,,FALSE,,,,
3135,Plate021,H5,,FALSE,,,,
3115,Plate021,H6,,FALSE,,,,
3098,Plate021,H7,,FALSE,,,,
3086,Plate021,H8,,FALSE,,,,
3125,Plate021,H9,,FALSE,,,,
3116,Plate021,H10,,FALSE,,,,
3165,Plate021,H11,,FALSE,,,,
3188,Plate021,H12,,FALSE,,,,
2136,Plate022,A1,,FALSE,,,,
2105,Plate022,A2,,FALSE,,,,
2937,Plate022,A3,,FALSE,,,,
3287,Plate022,A4,,FALSE,,,,
3270,Plate022,A5,,FALSE,,,,
3253,Plate022,A6,,FALSE,,,,
3239,Plate022,A7,,FALSE,,,,
3280,Plate022,A8,,FALSE,,,,
3260,Plate022,A9,,FALSE,,,,
3266,Plate022,A10,,FALSE,,,,
3226,Plate022,A11,,FALSE,,,,
3290,Plate022,A12,,FALSE,,,,
3231,Plate022,B1,,FALSE,,,,
3272,Plate022,B2,,FALSE,,,,
3233,Plate022,B3,,FALSE,,,,
3225,Plate022,B4,,FALSE,,,,
3264,Plate022,B5,,FALSE,,,,
3229,Plate022,B6,,FALSE,,,,
3271,Plate022,B7,,FALSE,,,,
3289,Plate022,B8,,FALSE,,,,
3277,Plate022,B9,,FALSE,,,,
3261,Plate022,B10,,FALSE,,,,
3256,Plate022,B11,duplicate,TRUE,3256,,,
3265,Plate022,B12,,FALSE,,,,
3291,Plate022,C1,,FALSE,,,,
3284,Plate022,C2,,FALSE,,,,
3240,Plate022,C3,,FALSE,,,,
3259,Plate022,C4,,FALSE,,,,
3285,Plate022,C5,,FALSE,,,,
3279,Plate022,C6,,FALSE,,,,
3274,Plate022,C7,,FALSE,,,,
3232,Plate022,C8,,FALSE,,,,
3283,Plate022,C9,,FALSE,,,,
3263,Plate022,C10,,FALSE,,,,
3254,Plate022,C11,,FALSE,,,,
3262,Plate022,C12,,FALSE,,,,
3257,Plate022,D1,,FALSE,,,,
3278,Plate022,D2,,FALSE,,,,
3286,Plate022,D3,,FALSE,,,,
3273,Plate022,D4,,FALSE,,,,
3255,Plate022,D5,,FALSE,,,,
3269,Plate022,D6,,FALSE,,,,
3268,Plate022,D7,,FALSE,,,,
3281,Plate022,D8,,FALSE,,,,
3276,Plate022,D9,,FALSE,,,,
3238,Plate022,D10,,FALSE,,,,
3288,Plate022,D11,,FALSE,,,,
3227,Plate022,D12,,FALSE,,,,
3234,Plate022,E1,,FALSE,,,,
3258,Plate022,E2,,FALSE,,,,
3282,Plate022,E3,,FALSE,,,,
3235,Plate022,E4,,FALSE,,,,
3267,Plate022,E5,,FALSE,,,,
3275,Plate022,E6,,FALSE,,,,
2981,Plate022,E7,,FALSE,,,,
2988,Plate022,E8,,FALSE,,,,
2980,Plate022,E9,,FALSE,,,,
3016,Plate022,E10,,FALSE,,,,
2974,Plate022,E11,,FALSE,,,,
2984,Plate022,E12,,FALSE,,,,
2978,Plate022,F1,,FALSE,,,,
2986,Plate022,F2,,FALSE,,,,
2983,Plate022,F3,,FALSE,,,,
2982,Plate022,F4,,FALSE,,,,
2987,Plate022,F5,,FALSE,,,,
2971,Plate022,F6,,FALSE,,,,
3049,Plate022,F7,,FALSE,,,,
3008,Plate022,F8,,FALSE,,,,
3011,Plate022,F9,,FALSE,,,,
3063,Plate022,F10,,FALSE,,,,
2976,Plate022,F11,,FALSE,,,,
3020,Plate022,F12,,FALSE,,,,
3002,Plate022,G1,,FALSE,,,,
3036,Plate022,G2,,FALSE,,,,
3068,Plate022,G3,,FALSE,,,,
3033,Plate022,G4,,FALSE,,,,
3003,Plate022,G5,,FALSE,,,,
3054,Plate022,G6,,FALSE,,,,
3059,Plate022,G7,,FALSE,,,,
3050,Plate022,G8,,FALSE,,,,
3069,Plate022,G9,,FALSE,,,,
3058,Plate022,G10,,FALSE,,,,
2969,Plate022,G11,,FALSE,,,,
3180,Plate022,G12,,FALSE,,,,
3206,Plate022,H1,,FALSE,,,,
3161,Plate022,H2,,FALSE,,,,
3220,Plate022,H3,,FALSE,,,,
3213,Plate022,H4,,FALSE,,,,
3222,Plate022,H5,,FALSE,,,,
3170,Plate022,H6,,FALSE,,,,
3187,Plate022,H7,,FALSE,,,,
3174,Plate022,H8,,FALSE,,,,
3200,Plate022,H9,,FALSE,,,,
3183,Plate022,H10,,FALSE,,,,
3192,Plate022,H11,,FALSE,,,,
3219,Plate022,H12,,FALSE,,,,
3496,Plate023,A1,,FALSE,,,,
2508,Plate023,A2,,FALSE,,,,
3563,Plate023,A3,,FALSE,,,,
2924,Plate023,A4,,FALSE,,,,
2913,Plate023,A5,,FALSE,,,,
3590,Plate023,A6,,FALSE,,,,
3570,Plate023,A7,,FALSE,,,,
3495,Plate023,A8,,FALSE,,,,
3619,Plate023,A9,,FALSE,,,,
3519,Plate023,A10,,FALSE,,,,
2509,Plate023,A11,,FALSE,,,,
3577,Plate023,A12,,FALSE,,,,
3620,Plate023,B1,,FALSE,,,,
3515,Plate023,B2,,FALSE,,,,
3589,Plate023,B3,,FALSE,,,,
3561,Plate023,B4,,FALSE,,,,
3506,Plate023,B5,,FALSE,,,,
2921,Plate023,B6,,FALSE,,,,
3512,Plate023,B7,,FALSE,,,,
2533,Plate023,B8,,FALSE,,,,
3569,Plate023,B9,,FALSE,,,,
3582,Plate023,B10,,FALSE,,,,
3588,Plate023,B11,,FALSE,,,,
3523,Plate023,B12,,FALSE,,,,
2916,Plate023,C1,,FALSE,,,,
2919,Plate023,C2,,FALSE,,,,
3572,Plate023,C3,,FALSE,,,,
3518,Plate023,C4,,FALSE,,,,
3467,Plate023,C5,,FALSE,,,,
3369,Plate023,C6,,FALSE,,,,
3404,Plate023,C7,,FALSE,,,,
3396,Plate023,C8,,FALSE,,,,
3354,Plate023,C9,,FALSE,,,,
3387,Plate023,C10,,FALSE,,,,
3434,Plate023,C11,,FALSE,,,,
3395,Plate023,C12,,FALSE,,,,
3466,Plate023,D1,,FALSE,,,,
3372,Plate023,D2,,FALSE,,,,
3399,Plate023,D3,,FALSE,,,,
3400,Plate023,D4,,FALSE,,,,
3389,Plate023,D5,,FALSE,,,,
3435,Plate023,D6,,FALSE,,,,
3370,Plate023,D7,,FALSE,,,,
3357,Plate023,D8,,FALSE,,,,
3437,Plate023,D9,,FALSE,,,,
3353,Plate023,D10,,FALSE,,,,
3390,Plate023,D11,,FALSE,,,,
3360,Plate023,D12,,FALSE,,,,
3421,Plate023,E1,,FALSE,,,,
3381,Plate023,E2,,FALSE,,,,
3439,Plate023,E3,,FALSE,,,,
3198,Plate023,E4,,FALSE,,,,
3203,Plate023,E5,,FALSE,,,,
3184,Plate023,E6,,FALSE,,,,
3158,Plate023,E7,,FALSE,,,,
3185,Plate023,E8,duplicate,TRUE,3185 S6T3,,,
3207,Plate023,E9,,FALSE,,,,
3215,Plate023,E10,,FALSE,,,,
3186,Plate023,E11,,FALSE,,,,
3202,Plate023,E12,,FALSE,,,,
3191,Plate023,F1,,FALSE,,,,
3212,Plate023,F2,,FALSE,,,,
3151,Plate023,F3,,FALSE,,,,
3162,Plate023,F4,,FALSE,,,,
3194,Plate023,F5,,FALSE,,,,
3204,Plate023,F6,,FALSE,,,,
3155,Plate023,F7,,FALSE,,,,
3199,Plate023,F8,,FALSE,,,,
3178,Plate023,F9,,FALSE,,,,
3150,Plate023,F10,,FALSE,,,,
3179,Plate023,F11,,FALSE,,,,
3182,Plate023,F12,,FALSE,,,,
3214,Plate023,G1,,FALSE,,,,
3211,Plate023,G2,,FALSE,,,,
3208,Plate023,G3,,FALSE,,,,
3159,Plate023,G4,,FALSE,,,,
3157,Plate023,G5,,FALSE,,,,
3205,Plate023,G6,,FALSE,,,,
3256,Plate023,G7,duplicate,TRUE,3256 S6T3,,,
3217,Plate023,G8,,FALSE,,,,
3210,Plate023,G9,,FALSE,,,,
3153,Plate023,G10,,FALSE,,,,
3228,Plate023,G11,,FALSE,,,,
3177,Plate023,G12,,FALSE,,,,
3209,Plate023,H1,,FALSE,,,,
3195,Plate023,H2,,FALSE,,,,
3189,Plate023,H3,,FALSE,,,,
3181,Plate023,H4,,FALSE,,,,
3221,Plate023,H5,,FALSE,,,,
3230,Plate023,H6,,FALSE,,,,
3176,Plate023,H7,,FALSE,,,,
3166,Plate023,H8,,FALSE,,,,
3172,Plate023,H9,,FALSE,,,,
3218,Plate023,H10,,FALSE,,,,
3190,Plate023,H11,,FALSE,,,,
3164,Plate023,H12,,FALSE,,,,
3524,Plate024,A1,,FALSE,,,,
3510,Plate024,A2,,FALSE,,,,
3573,Plate024,A3,,FALSE,,,,
3566,Plate024,A4,,FALSE,,,,
3497,Plate024,A5,,FALSE,,,,
3580,Plate024,A6,,FALSE,,,,
2915,Plate024,A7,,FALSE,,,,
2545,Plate024,A8,,FALSE,,,,
3507,Plate024,A9,,FALSE,,,,
2918,Plate024,A10,,FALSE,,,,
3508,Plate024,A11,,FALSE,,,,
3513,Plate024,A12,,FALSE,,,,
3516,Plate024,B1,,FALSE,,,,
2914,Plate024,B2,,FALSE,,,,
3578,Plate024,B3,,FALSE,,,,
3586,Plate024,B4,,FALSE,,,,
2517,Plate024,B5,,FALSE,,,,
3583,Plate024,B6,,FALSE,,,,
3584,Plate024,B7,,FALSE,,,,
2917,Plate024,B8,,FALSE,,,,
3520,Plate024,B9,,FALSE,,,,
3574,Plate024,B10,,FALSE,,,,
3564,Plate024,B11,,FALSE,,,,
3501,Plate024,B12,,FALSE,,,,
2912,Plate024,C1,,FALSE,,,,
2540,Plate024,C2,,FALSE,,,,
3484,Plate024,C3,,FALSE,,,,
2926,Plate024,C4,,FALSE,,,,
3514,Plate024,C5,,FALSE,,,,
2920,Plate024,C6,,FALSE,,,,
3581,Plate024,C7,,FALSE,,,,
3517,Plate024,C8,,FALSE,,,,
3499,Plate024,C9,,FALSE,,,,
3504,Plate024,C10,,FALSE,,,,
2520,Plate024,C11,,FALSE,,,,
3674,Plate024,C12,,FALSE,,,,
3587,Plate024,D1,,FALSE,,,,
3509,Plate024,D2,,FALSE,,,,
3575,Plate024,D3,,FALSE,,,,
3618,Plate024,D4,,FALSE,,,,
3585,Plate024,D5,,FALSE,,,,
3568,Plate024,D6,,FALSE,,,,
3511,Plate024,D7,,FALSE,,,,
3505,Plate024,D8,duplicate,TRUE,3505 S12T2,,,
3493,Plate024,D9,,FALSE,,,,
3562,Plate024,D10,,FALSE,,,,
3576,Plate024,D11,,FALSE,,,,
3579,Plate024,D12,,FALSE,,,,
2925,Plate024,E1,,FALSE,,,,
3567,Plate024,E2,,FALSE,,,,
3571,Plate024,E3,,FALSE,,,,
3565,Plate024,E4,,FALSE,,,,
3498,Plate024,E5,,FALSE,,,,
2933,Plate024,E6,,FALSE,,,,
2927,Plate024,E7,,FALSE,,,,
2947,Plate024,E8,,FALSE,,,,
2598,Plate024,E9,,FALSE,,,,
2560,Plate024,E10,,FALSE,,,,
2567,Plate024,E11,,FALSE,,,,
2575,Plate024,E12,,FALSE,,,,
2562,Plate024,F1,,FALSE,,,,
2587,Plate024,F2,,FALSE,,,,
2946,Plate024,F3,,FALSE,,,,
2948,Plate024,F4,,FALSE,,,,
2951,Plate024,F5,,FALSE,,,,
2591,Plate024,F6,,FALSE,,,,
2576,Plate024,F7,,FALSE,,,,
2582,Plate024,F8,,FALSE,,,,
2574,Plate024,F9,,FALSE,,,,
2597,Plate024,F10,,FALSE,,,,
2564,Plate024,F11,,FALSE,,,,
2949,Plate024,F12,,FALSE,,,,
2950,Plate024,G1,,FALSE,,,,
2932,Plate024,G2,,FALSE,,,,
2475,Plate024,G3,,FALSE,,,,
2559,Plate024,G4,,FALSE,,,,
2577,Plate024,G5,,FALSE,,,,
2583,Plate024,G6,,FALSE,,,,
2585,Plate024,G7,,FALSE,,,,
2565,Plate024,G8,,FALSE,,,,
2930,Plate024,G9,,FALSE,,,,
2923,Plate024,G10,,FALSE,,,,
2952,Plate024,G11,,FALSE,,,,
2588,Plate024,G12,,FALSE,,,,
2584,Plate024,H1,,FALSE,,,,
2590,Plate024,H2,,FALSE,,,,
2600,Plate024,H3,,FALSE,,,,
2505,Plate024,H4,,FALSE,,,,
2455,Plate024,H5,,FALSE,,,,
2940,Plate024,H6,,FALSE,,,,
2939,Plate024,H7,,FALSE,,,,
2931,Plate024,H8,,FALSE,,,,
2573,Plate024,H9,,FALSE,,,,
2593,Plate024,H10,,FALSE,,,,
2599,Plate024,H11,,FALSE,,,,
2589,Plate024,H12,,FALSE,,,,
2881,Plate025,A1,,FALSE,,,,
2871,Plate025,A2,,FALSE,,,,
2830,Plate025,A3,,FALSE,,,,
2892,Plate025,A4,,FALSE,,,,
2741,Plate025,A5,,FALSE,,,,
2750,Plate025,A6,,FALSE,,,,
2745,Plate025,A7,,FALSE,,,,
2742,Plate025,A8,,FALSE,,,,
2736,Plate025,A9,,FALSE,,,,
2773,Plate025,A10,,FALSE,,,,
2778,Plate025,A11,,FALSE,,,,
2752,Plate025,A12,,FALSE,,,,
2756,Plate025,B1,,FALSE,,,,
2787,Plate025,B2,,FALSE,,,,
2776,Plate025,B3,,FALSE,,,,
2789,Plate025,B4,,FALSE,,,,
2751,Plate025,B5,,FALSE,,,,
2765,Plate025,B6,,FALSE,,,,
2761,Plate025,B7,,FALSE,,,,
2788,Plate025,B8,,FALSE,,,,
2766,Plate025,B9,,FALSE,,,,
2743,Plate025,B10,,FALSE,,,,
2749,Plate025,B11,,FALSE,,,,
2781,Plate025,B12,,FALSE,,,,
2772,Plate025,C1,,FALSE,,,,
2785,Plate025,C2,,FALSE,,,,
2740,Plate025,C3,,FALSE,,,,
2747,Plate025,C4,,FALSE,,,,
2783,Plate025,C5,,FALSE,,,,
2758,Plate025,C6,,FALSE,,,,
2748,Plate025,C7,,FALSE,,,,
2763,Plate025,C8,,FALSE,,,,
2790,Plate025,C9,,FALSE,,,,
2774,Plate025,C10,,FALSE,,,,
2777,Plate025,C11,,FALSE,,,,
2768,Plate025,C12,,FALSE,,,,
2784,Plate025,D1,,FALSE,,,,
2770,Plate025,D2,,FALSE,,,,
2739,Plate025,D3,,FALSE,,,,
2767,Plate025,D4,,FALSE,,,,
2744,Plate025,D5,,FALSE,,,,
2753,Plate025,D6,,FALSE,,,,
2775,Plate025,D7,,FALSE,,,,
2754,Plate025,D8,,FALSE,,,,
2779,Plate025,D9,,FALSE,,,,
2755,Plate025,D10,,FALSE,,,,
2757,Plate025,D11,,FALSE,,,,
2738,Plate025,D12,,FALSE,,,,
2771,Plate025,E1,,FALSE,,,,
2786,Plate025,E2,,FALSE,,,,
2746,Plate025,E3,,FALSE,,,,
2769,Plate025,E4,,FALSE,,,,
2782,Plate025,E5,,FALSE,,,,
2762,Plate025,E6,,FALSE,,,,
2760,Plate025,E7,,FALSE,,,,
2764,Plate025,E8,,FALSE,,,,
2780,Plate025,E9,,FALSE,,,,
2759,Plate025,E10,,FALSE,,,,
2586,Plate025,E11,,FALSE,,,,
2503,Plate025,E12,,FALSE,,,,
2594,Plate025,F1,,FALSE,,,,
2592,Plate025,F2,,FALSE,,,,
2570,Plate025,F3,,FALSE,,,,
2942,Plate025,F4,,FALSE,,,,
2944,Plate025,F5,,FALSE,,,,
2929,Plate025,F6,,FALSE,,,,
2934,Plate025,F7,,FALSE,,,,
2569,Plate025,F8,,FALSE,,,,
2596,Plate025,F9,,FALSE,,,,
2566,Plate025,F10,,FALSE,,,,
2561,Plate025,F11,,FALSE,,,,
2504,Plate025,F12,,FALSE,,,,
2945,Plate025,G1,,FALSE,,,,
2938,Plate025,G2,,FALSE,,,,
2941,Plate025,G3,,FALSE,,,,
2943,Plate025,G4,,FALSE,,,,
2579,Plate025,G5,,FALSE,,,,
2558,Plate025,G6,,FALSE,,,,
2568,Plate025,G7,,FALSE,,,,
2601,Plate025,G8,,FALSE,,,,
2563,Plate025,G9,,FALSE,,,,
2928,Plate025,G10,,FALSE,,,,
2953,Plate025,G11,,FALSE,,,,
2935,Plate025,G12,,FALSE,,,,
2922,Plate025,H1,,FALSE,,,,
2571,Plate025,H2,,FALSE,,,,
2581,Plate025,H3,,FALSE,,,,
2595,Plate025,H4,,FALSE,,,,
2580,Plate025,H5,,FALSE,,,,
2572,Plate025,H6,,FALSE,,,,
2911,Plate025,H7,,FALSE,,,,
2990,Plate025,H8,,FALSE,,,,
2955,Plate025,H9,,FALSE,,,,
2954,Plate025,H10,,FALSE,,,,
2460,Plate025,H11,,FALSE,,,,
2578,Plate025,H12,,FALSE,,,,
2715,Plate026,A1,,FALSE,,,,
2706,Plate026,A2,,FALSE,,,,
2727,Plate026,A3,,FALSE,,,,
2714,Plate026,A4,,FALSE,,,,
2721,Plate026,A5,,FALSE,,,,
2710,Plate026,A6,,FALSE,,,,
2702,Plate026,A7,,FALSE,,,,
2732,Plate026,A8,,FALSE,,,,
2719,Plate026,A9,,FALSE,,,,
2720,Plate026,A10,,FALSE,,,,
2733,Plate026,A11,,FALSE,,,,
2713,Plate026,A12,,FALSE,,,,
2708,Plate026,B1,,FALSE,,,,
2703,Plate026,B2,,FALSE,,,,
2711,Plate026,B3,,FALSE,,,,
2726,Plate026,B4,,FALSE,,,,
2534,Plate026,B5,,FALSE,,,,
2689,Plate026,B6,,FALSE,,,,
2724,Plate026,B7,,FALSE,,,,
2836,Plate026,B8,,FALSE,,,,
2844,Plate026,B9,,FALSE,,,,
2861,Plate026,B10,,FALSE,,,,
2875,Plate026,B11,,FALSE,,,,
2905,Plate026,B12,,FALSE,,,,
2845,Plate026,C1,,FALSE,,,,
2888,Plate026,C2,,FALSE,,,,
2898,Plate026,C3,,FALSE,,,,
2852,Plate026,C4,,FALSE,,,,
2899 backup,Plate026,C5,,FALSE,,,,
2840,Plate026,C6,,FALSE,,,,
2851,Plate026,C7,,FALSE,,,,
2869,Plate026,C8,,FALSE,,,,
2841,Plate026,C9,,FALSE,,,,
2883,Plate026,C10,,FALSE,,,,
2904,Plate026,C11,,FALSE,,,,
2886,Plate026,C12,,FALSE,,,,
2908,Plate026,D1,,FALSE,,,,
2839,Plate026,D2,,FALSE,,,,
2856,Plate026,D3,,FALSE,,,,
2889,Plate026,D4,,FALSE,,,,
2823,Plate026,D5,,FALSE,,,,
2867,Plate026,D6,,FALSE,,,,
2873,Plate026,D7,,FALSE,,,,
2897,Plate026,D8,,FALSE,,,,
2910,Plate026,D9,,FALSE,,,,
2854,Plate026,D10,,FALSE,,,,
2909,Plate026,D11,,FALSE,,,,
2822,Plate026,D12,,FALSE,,,,
2846,Plate026,E1,,FALSE,,,,
2862,Plate026,E2,,FALSE,,,,
2855,Plate026,E3,,TRUE,,,,
2843,Plate026,E4,,FALSE,,,,
2838,Plate026,E5,,FALSE,,,,
2907,Plate026,E6,,FALSE,,,,
2901,Plate026,E7,,FALSE,,,,
2891,Plate026,E8,,FALSE,,,,
2902,Plate026,E9,,FALSE,,,,
2864,Plate026,E10,,FALSE,,,,
2882,Plate026,E11,,FALSE,,,,
2826,Plate026,E12,,FALSE,,,,
2870,Plate026,F1,,FALSE,,,,
2906,Plate026,F2,,FALSE,,,,
2879,Plate026,F3,,FALSE,,,,
2857,Plate026,F4,,FALSE,,,,
2895,Plate026,F5,,FALSE,,,,
2853,Plate026,F6,,FALSE,,,,
2850,Plate026,F7,,FALSE,,,,
2878,Plate026,F8,,FALSE,,,,
2868,Plate026,F9,,FALSE,,,,
2837,Plate026,F10,,FALSE,,,,
2860 backup,Plate026,F11,,FALSE,,,,
2825,Plate026,F12,,FALSE,,,,
2827,Plate026,G1,,FALSE,,,,
2885,Plate026,G2,,FALSE,,,,
2880,Plate026,G3,,FALSE,,,,
2824,Plate026,G4,,FALSE,,,,
2877,Plate026,G5,,FALSE,,,,
2866,Plate026,G6,,FALSE,,,,
2887,Plate026,G7,,FALSE,,,,
2936,Plate026,G8,,FALSE,,,,
2828,Plate026,G9,,FALSE,,,,
2872,Plate026,G10,,FALSE,,,,
2848,Plate026,G11,,FALSE,,,,
2865,Plate026,G12,,FALSE,,,,
2847,Plate026,H1,,FALSE,,,,
2890,Plate026,H2,,FALSE,,,,
2863,Plate026,H3,,FALSE,,,,
2874,Plate026,H4,,FALSE,,,,
2829,Plate026,H5,,FALSE,,,,
2894,Plate026,H6,,FALSE,,,,
2893,Plate026,H7,,FALSE,,,,
2849,Plate026,H8,,FALSE,,,,
2896,Plate026,H9,,FALSE,,,,
2858,Plate026,H10,,FALSE,,,,
2884,Plate026,H11,,FALSE,,,,
2859,Plate026,H12,,FALSE,,,,
3447,Plate027,A1,,FALSE,,,,
3672,Plate027,A2,,FALSE,,,,
3482,Plate027,A3,,FALSE,,,,
3478,Plate027,A4,,FALSE,,,,
3488,Plate027,A5,,FALSE,,,,
3444,Plate027,A6,,FALSE,,,,
3666,Plate027,A7,,FALSE,,,,
3665,Plate027,A8,,FALSE,,,,
3459,Plate027,A9,,FALSE,,,,
3528,Plate027,A10,,FALSE,,,,
3476,Plate027,A11,,FALSE,,,,
3445,Plate027,A12,,FALSE,,,,
3461,Plate027,B1,,FALSE,,,,
3451,Plate027,B2,,FALSE,,,,
3474,Plate027,B3,,FALSE,,,,
3660,Plate027,B4,,FALSE,,,,
3462,Plate027,B5,,FALSE,,,,
3464,Plate027,B6,,FALSE,,,,
3446,Plate027,B7,,FALSE,,,,
3450,Plate027,B8,,FALSE,,,,
3456,Plate027,B9,,FALSE,,,,
3664,Plate027,B10,,FALSE,,,,
3653,Plate027,B11,,FALSE,,,,
3679,Plate027,B12,,FALSE,,,,
3460,Plate027,C1,,FALSE,,,,
3491,Plate027,C2,,FALSE,,,,
3670,Plate027,C3,,FALSE,,,,
3522,Plate027,C4,,FALSE,,,,
3680,Plate027,C5,,FALSE,,,,
3656,Plate027,C6,,FALSE,,,,
3457,Plate027,C7,,FALSE,,,,
3442,Plate027,C8,,FALSE,,,,
3655,Plate027,C9,,FALSE,,,,
3448,Plate027,C10,,FALSE,,,,
2805,Plate027,C11,,FALSE,,,,
2694,Plate027,C12,,FALSE,,,,
2802,Plate027,D1,,FALSE,,,,
2691,Plate027,D2,,FALSE,,,,
2800,Plate027,D3,,FALSE,,,,
2815,Plate027,D4,,FALSE,,,,
2814,Plate027,D5,,FALSE,,,,
2809,Plate027,D6,,FALSE,,,,
2792,Plate027,D7,,FALSE,,,,
2807,Plate027,D8,,FALSE,,,,
2696,Plate027,D9,,FALSE,,,,
2795,Plate027,D10,,FALSE,,,,
2820,Plate027,D11,,FALSE,,,,
2798,Plate027,D12,,FALSE,,,,
2819,Plate027,E1,,FALSE,,,,
2810,Plate027,E2,,FALSE,,,,
2803,Plate027,E3,,FALSE,,,,
2816,Plate027,E4,,FALSE,,,,
2804,Plate027,E5,,FALSE,,,,
2692,Plate027,E6,,FALSE,,,,
2797,Plate027,E7,,FALSE,,,,
2695,Plate027,E8,,FALSE,,,,
2813,Plate027,E9,,FALSE,,,,
2799,Plate027,E10,,FALSE,,,,
2735,Plate027,E11,,FALSE,,,,
2812,Plate027,E12,,FALSE,,,,
2821,Plate027,F1,,FALSE,,,,
2818,Plate027,F2,,FALSE,,,,
2811,Plate027,F3,,FALSE,,,,
2688,Plate027,F4,,FALSE,,,,
2728,Plate027,F5,,FALSE,,,,
2716,Plate027,F6,,FALSE,,,,
2707,Plate027,F7,,FALSE,,,,
2687,Plate027,F8,,FALSE,,,,
2718,Plate027,F9,,FALSE,,,,
2538,Plate027,F10,,FALSE,,,,
2536,Plate027,F11,,FALSE,,,,
2731,Plate027,F12,,FALSE,,,,
2537,Plate027,G1,,FALSE,,,,
2722,Plate027,G2,,FALSE,,,,
2535,Plate027,G3,,FALSE,,,,
2712,Plate027,G4,,FALSE,,,,
2528,Plate027,G5,,FALSE,,,,
2699,Plate027,G6,,FALSE,,,,
2725,Plate027,G7,,FALSE,,,,1
2697,Plate027,G8,,FALSE,,,,
2530,Plate027,G9,,FALSE,,,,
2730,Plate027,G10,,FALSE,,,,
2704,Plate027,G11,,FALSE,,,,
2705,Plate027,G12,,FALSE,,,,
2532,Plate027,H1,,FALSE,,,,
2690,Plate027,H2,,FALSE,,,,
2734,Plate027,H3,,FALSE,,,,
2700,Plate027,H4,,FALSE,,,,
2729,Plate027,H5,,FALSE,,,,
2698,Plate027,H6,,FALSE,,,,
2701,Plate027,H7,,FALSE,,,,
2686,Plate027,H8,,FALSE,,,,
2723,Plate027,H9,,FALSE,,,,
2717,Plate027,H10,,FALSE,,,,
2529,Plate027,H11,,FALSE,,,,
2709,Plate027,H12,,FALSE,,,,
3673,Plate028,A1,,FALSE,,,,
3471,Plate028,A2,,FALSE,,,,
3458,Plate028,A3,,FALSE,,,,
3651,Plate028,A4,,FALSE,,,,
3661,Plate028,A5,,FALSE,,,,
3449,Plate028,A6,,FALSE,,,,
3465,Plate028,A7,,FALSE,,,,
3657,Plate028,A8,,FALSE,,,,
3500,Plate028,A9,,FALSE,,,,
3671,Plate028,A10,,FALSE,,,,
3669,Plate028,A11,,FALSE,,,,
3455,Plate028,A12,,FALSE,,,,
3453,Plate028,B1,,FALSE,,,,
3441,Plate028,B2,,FALSE,,,,
3505,Plate028,B3,,TRUE,,,,
3502,Plate028,B4,,FALSE,,,,
3477,Plate028,B5,,FALSE,,,,
3659,Plate028,B6,,FALSE,,,,
3662,Plate028,B7,,FALSE,,,,
3486,Plate028,B8,,FALSE,,,,
3490,Plate028,B9,,FALSE,,,,
3654,Plate028,B10,,FALSE,,,,
3483,Plate028,B11,,FALSE,,,,
3527,Plate028,B12,,FALSE,,,,
3494,Plate028,C1,,FALSE,,,,
3526,Plate028,C2,,FALSE,,,,
3485,Plate028,C3,,FALSE,,,,
3676,Plate028,C4,,FALSE,,,,
3489,Plate028,C5,,FALSE,,,,
3487,Plate028,C6,,FALSE,,,,
3479,Plate028,C7,,FALSE,,,,
3675,Plate028,C8,,FALSE,,,,
3475,Plate028,C9,,FALSE,,,,
3658,Plate028,C10,,FALSE,,,,
3473,Plate028,C11,,FALSE,,,,
3529,Plate028,C12,,FALSE,,,,
3677,Plate028,D1,,FALSE,,,,
3463,Plate028,D2,,FALSE,,,,
3454,Plate028,D3,,FALSE,,,,
3503,Plate028,D4,,FALSE,,,,
3481,Plate028,D5,,FALSE,,,,
3652,Plate028,D6,,FALSE,,,,
3521,Plate028,D7,,FALSE,,,,
3678,Plate028,D8,,FALSE,,,,
3530,Plate028,D9,,FALSE,,,,
3525,Plate028,D10,,FALSE,,,,
3492,Plate028,D11,,FALSE,,,,
2081,Plate028,D12,,FALSE,,,,
2339,Plate028,E1,,FALSE,,,,
2345,Plate028,E2,,FALSE,,,,
2398,Plate028,E3,,FALSE,,,,
2432,Plate028,E4,,FALSE,,,,
2445,Plate028,E5,,FALSE,,,,
2426,Plate028,E6,,FALSE,,,,
2391,Plate028,E7,,FALSE,,,,
2425,Plate028,E8,,FALSE,,,,
2372,Plate028,E9,,FALSE,,,,
2363,Plate028,E10,,FALSE,,,,
2406,Plate028,E11,,FALSE,,,,
2389,Plate028,E12,,FALSE,,,,
2386,Plate028,F1,,FALSE,,,,
2442,Plate028,F2,,FALSE,,,,
2436,Plate028,F3,,FALSE,,,,
2410,Plate028,F4,,FALSE,,,,
2379,Plate028,F5,,FALSE,,,,
2364,Plate028,F6,,FALSE,,,,
2396,Plate028,F7,,FALSE,,,,
2326,Plate028,F8,,FALSE,,,,
2448,Plate028,F9,,FALSE,,,,
2387,Plate028,F10,,FALSE,,,,
2409,Plate028,F11,,FALSE,,,,
2427,Plate028,F12,,FALSE,,,,
2382,Plate028,G1,,FALSE,,,,
2388,Plate028,G2,,FALSE,,,,
2362,Plate028,G3,,FALSE,,,,
2376,Plate028,G4,,FALSE,,,,
2084,Plate028,G5,,FALSE,,,,
2366,Plate028,G6,,FALSE,,,,
2412,Plate028,G7,,FALSE,,,,
2430,Plate028,G8,,FALSE,,,,
2446,Plate028,G9,,FALSE,,,,
2401,Plate028,G10,,FALSE,,,,
2452,Plate028,G11,,FALSE,,,,
2420,Plate028,G12,,FALSE,,,,
2361,Plate028,H1,,FALSE,,,,
2404,Plate028,H2,,FALSE,,,,
2447,Plate028,H3,,FALSE,,,,
2377,Plate028,H4,,FALSE,,,,
2431,Plate028,H5,,FALSE,,,,
2433,Plate028,H6,,FALSE,,,,
2439,Plate028,H7,,FALSE,,,,
2392,Plate028,H8,,FALSE,,,,
2411,Plate028,H9,,FALSE,,,,
2332,Plate028,H10,,FALSE,,,,
2346,Plate028,H11,,FALSE,,,,
2449,Plate028,H12,,FALSE,,,,
2996,Plate029,A1,,FALSE,,,,
2471,Plate029,A2,,FALSE,,,,
2832,Plate029,A3,,FALSE,,,,
2967,Plate029,A4,,FALSE,,,,
2474,Plate029,A5,,FALSE,,,,
2994,Plate029,A6,,FALSE,,,,
2462,Plate029,A7,,FALSE,,,,
2459,Plate029,A8,,FALSE,,,,
2465,Plate029,A9,,FALSE,,,,
2473,Plate029,A10,,FALSE,,,,
2833,Plate029,A11,,FALSE,,,,
2490,Plate029,A12,,FALSE,,,,
2855,Plate029,B1,duplicate,TRUE,2855 S9T2,,,
2496,Plate029,B2,,FALSE,,,,
2498,Plate029,B3,,FALSE,,,,
2464,Plate029,B4,,FALSE,,,,
2501,Plate029,B5,,FALSE,,,,
2615,Plate029,B6,,FALSE,,,,
2494,Plate029,B7,,FALSE,,,,
2831,Plate029,B8,,FALSE,,,,
2457,Plate029,B9,,FALSE,,,,
2957,Plate029,B10,,FALSE,,,,
2999,Plate029,B11,,FALSE,,,,
2495,Plate029,B12,,FALSE,,,,
2605,Plate029,C1,,FALSE,,,,
2477,Plate029,C2,,FALSE,,,,
2617,Plate029,C3,,FALSE,,,,
2489,Plate029,C4,,FALSE,,,,
2487,Plate029,C5,,FALSE,,,,
2469,Plate029,C6,,FALSE,,,,
2602,Plate029,C7,,FALSE,,,,
2467,Plate029,C8,,FALSE,,,,
2614,Plate029,C9,,FALSE,,,,
2604,Plate029,C10,,FALSE,,,,
2480,Plate029,C11,,FALSE,,,,
2468,Plate029,C12,,FALSE,,,,
2483,Plate029,D1,,FALSE,,,,
2497,Plate029,D2,,FALSE,,,,
2493,Plate029,D3,,FALSE,,,,
2611,Plate029,D4,,FALSE,,,,
2456,Plate029,D5,,FALSE,,,,
2482,Plate029,D6,,FALSE,,,,
2472,Plate029,D7,,FALSE,,,,
2479,Plate029,D8,,FALSE,,,,
2608,Plate029,D9,,FALSE,,,,
2997,Plate029,D10,,FALSE,,,,
2616,Plate029,D11,,FALSE,,,,
2488,Plate029,D12,,FALSE,,,,
2492,Plate029,E1,,FALSE,,,,
2499,Plate029,E2,,FALSE,,,,
2610,Plate029,E3,,FALSE,,,,
2470,Plate029,E4,,FALSE,,,,
2484,Plate029,E5,,FALSE,,,,
2618,Plate029,E6,,FALSE,,,,
2607,Plate029,E7,duplicate,TRUE,2607 S9T2,,,
2476,Plate029,E8,,FALSE,,,,
2961,Plate029,E9,,FALSE,,,,
2603,Plate029,E10,,FALSE,,,,
2486,Plate029,E11,,FALSE,,,,
2506,Plate029,E12,,FALSE,,,,
2900,Plate029,F1,,FALSE,,,,
2903,Plate029,F2,,FALSE,,,,
2842,Plate029,F3,,FALSE,,,,
2876,Plate029,F4,,FALSE,,,,
2438,Plate029,F5,,FALSE,,,,
2397,Plate029,F6,,FALSE,,,,
2428,Plate029,F7,,FALSE,,,,
2380,Plate029,F8,,FALSE,,,,
2399,Plate029,F9,,FALSE,,,,
2348,Plate029,F10,,FALSE,,,,
2327,Plate029,F11,,FALSE,,,,
2390,Plate029,F12,,FALSE,,,,
2359,Plate029,G1,,FALSE,,,,
2405,Plate029,G2,,FALSE,,,,
2402,Plate029,G3,,FALSE,,,,
2384,Plate029,G4,,FALSE,,,,
2450,Plate029,G5,,FALSE,,,,
2381,Plate029,G6,,FALSE,,,,
2407,Plate029,G7,,FALSE,,,,
2331,Plate029,G8,,FALSE,,,,
2417,Plate029,G9,,FALSE,,,,
2368,Plate029,G10,,FALSE,,,,
2441,Plate029,G11,,FALSE,,,,
2408,Plate029,G12,,FALSE,,,,
2440,Plate029,H1,,FALSE,,,,
2338,Plate029,H2,,FALSE,,,,
2434,Plate029,H3,,FALSE,,,,
2403,Plate029,H4,,FALSE,,,,
2335,Plate029,H5,,FALSE,,,,
2395,Plate029,H6,,FALSE,,,,
2356,Plate029,H7,,FALSE,,,,
2437,Plate029,H8,,FALSE,,,,
2394,Plate029,H9,,FALSE,,,,
2435,Plate029,H10,,FALSE,,,,
2444,Plate029,H11,,FALSE,,,,
2355,Plate029,H12,,FALSE,,,,
3407,Plate030,A1,,FALSE,,,,
3355,Plate030,A2,,FALSE,,,,
3427,Plate030,A3,,FALSE,,,,
3388,Plate030,A4,,FALSE,,,,
3430,Plate030,A5,,FALSE,,,,
3438,Plate030,A6,,FALSE,,,,
3386,Plate030,A7,,FALSE,,,,
3420,Plate030,A8,,FALSE,,,,
3408,Plate030,A9,,FALSE,,,,
3418,Plate030,A10,,FALSE,,,,
3379,Plate030,A11,,FALSE,,,,
3417,Plate030,A12,,FALSE,,,,
3391,Plate030,B1,,FALSE,,,,
3351,Plate030,B2,,FALSE,,,,
3433,Plate030,B3,,FALSE,,,,
3377,Plate030,B4,,FALSE,,,,
3401,Plate030,B5,,FALSE,,,,
2655,Plate030,B6,,FALSE,,,,
2619,Plate030,B7,,FALSE,,,,
2634,Plate030,B8,,FALSE,,,,
2648,Plate030,B9,,FALSE,,,,
2636,Plate030,B10,,FALSE,,,,
2644,Plate030,B11,,FALSE,,,,
2654,Plate030,B12,,FALSE,,,,
2656,Plate030,C1,,FALSE,,,,
2659,Plate030,C2,,FALSE,,,,
2677,Plate030,C3,,FALSE,,,,
2678,Plate030,C4,,FALSE,,,,
2647,Plate030,C5,,FALSE,,,,
2555,Plate030,C6,,FALSE,,,,
2651,Plate030,C7,,FALSE,,,,
2649,Plate030,C8,,FALSE,,,,
2643,Plate030,C9,,FALSE,,,,
2683,Plate030,C10,,FALSE,,,,
2554,Plate030,C11,,FALSE,,,,
2673,Plate030,C12,,FALSE,,,,
2658,Plate030,D1,,FALSE,,,,
2652,Plate030,D2,,FALSE,,,,
2679,Plate030,D3,,FALSE,,,,
2557,Plate030,D4,,FALSE,,,,
2552,Plate030,D5,,FALSE,,,,
2671,Plate030,D6,,FALSE,,,,
2674,Plate030,D7,,FALSE,,,,
2657,Plate030,D8,,FALSE,,,,
2666,Plate030,D9,,FALSE,,,,
2660,Plate030,D10,,FALSE,,,,
2620,Plate030,D11,,FALSE,,,,
2639,Plate030,D12,,FALSE,,,,
2623,Plate030,E1,,FALSE,,,,
2640,Plate030,E2,,FALSE,,,,
2653,Plate030,E3,,FALSE,,,,
2663,Plate030,E4,,FALSE,,,,
2641,Plate030,E5,,FALSE,,,,
2645,Plate030,E6,,FALSE,,,,
2661,Plate030,E7,,FALSE,,,,
2637,Plate030,E8,,FALSE,,,,
2553,Plate030,E9,,FALSE,,,,
2676,Plate030,E10,,FALSE,,,,
2672,Plate030,E11,,FALSE,,,,
2668,Plate030,E12,,FALSE,,,,
2556,Plate030,F1,,FALSE,,,,
2669,Plate030,F2,,FALSE,,,,
2680,Plate030,F3,,FALSE,,,,
2646,Plate030,F4,,FALSE,,,,
2642,Plate030,F5,,FALSE,,,,
2681,Plate030,F6,,FALSE,,,,
2635,Plate030,F7,,FALSE,,,,
2622,Plate030,F8,,FALSE,,,,
2662,Plate030,F9,,FALSE,,,,
2682,Plate030,F10,,FALSE,,,,
2650,Plate030,F11,,FALSE,,,,
2665,Plate030,F12,,FALSE,,,,
2685,Plate030,G1,,FALSE,,,,
2670,Plate030,G2,,FALSE,,,,
2621,Plate030,G3,,FALSE,,,,
2675,Plate030,G4,,FALSE,,,,
2667,Plate030,G5,,FALSE,,,,
2664,Plate030,G6,,FALSE,,,,
2638,Plate030,G7,,FALSE,,,,
2889 backup,Plate030,G8,,FALSE,,,,
2485,Plate030,G9,,FALSE,,,,
2612,Plate030,G10,,FALSE,,,,
2502,Plate030,G11,,FALSE,,,,
2991,Plate030,G12,,FALSE,,,,
2995,Plate030,H1,,FALSE,,,,
2491,Plate030,H2,,FALSE,,,,
2959,Plate030,H3,,FALSE,,,,
2958,Plate030,H4,,FALSE,,,,
2972,Plate030,H5,,FALSE,,,,
2461,Plate030,H6,,FALSE,,,,
2478,Plate030,H7,,FALSE,,,,
2992,Plate030,H8,,FALSE,,,,
2613,Plate030,H9,,FALSE,,,,
2993,Plate030,H10,,FALSE,,,,
2834,Plate030,H11,,FALSE,,,,
2500,Plate030,H12,,FALSE,,,,
3385,Plate031,A1,,FALSE,,,,
3428,Plate031,A2,,FALSE,,,,
3352,Plate031,A3,,FALSE,,,,
3371,Plate031,A4,,FALSE,,,,
3405,Plate031,A5,,FALSE,,,,
3392,Plate031,A6,,FALSE,,,,
3373,Plate031,A7,,FALSE,,,,
3382,Plate031,A8,,FALSE,,,,
3419,Plate031,A9,,FALSE,,,,
3422,Plate031,A10,,FALSE,,,,
3429,Plate031,A11,,FALSE,,,,
3376,Plate031,A12,,FALSE,,,,
3364,Plate031,B1,,FALSE,,,,
3358,Plate031,B2,,FALSE,,,,
3468,Plate031,B3,,FALSE,,,,
3383,Plate031,B4,,FALSE,,,,
3413,Plate031,B5,,FALSE,,,,
3398,Plate031,B6,,FALSE,,,,
3362,Plate031,B7,,FALSE,,,,
3366,Plate031,B8,,FALSE,,,,
3411,Plate031,B9,,FALSE,,,,
3415,Plate031,B10,,FALSE,,,,
3432,Plate031,B11,,FALSE,,,,
3332,Plate031,B12,,FALSE,,,,
3431,Plate031,C1,,FALSE,,,,
3470,Plate031,C2,,FALSE,,,,
3378,Plate031,C3,,FALSE,,,,
3402,Plate031,C4,,FALSE,,,,
3374,Plate031,C5,,FALSE,,,,
3368,Plate031,C6,,FALSE,,,,
3410,Plate031,C7,,FALSE,,,,
3334,Plate031,C8,,FALSE,,,,
3361,Plate031,C9,,FALSE,,,,
3363,Plate031,C10,,FALSE,,,,
3365,Plate031,C11,,FALSE,,,,
3367,Plate031,C12,,FALSE,,,,
3375,Plate031,D1,,FALSE,,,,
3409,Plate031,D2,,FALSE,,,,
3440,Plate031,D3,,FALSE,,,,
3384,Plate031,D4,,FALSE,,,,
3393,Plate031,D5,,FALSE,,,,
3424,Plate031,D6,,FALSE,,,,
3335,Plate031,D7,,FALSE,,,,
3356,Plate031,D8,,FALSE,,,,
3425,Plate031,D9,,FALSE,,,,
3416,Plate031,D10,,FALSE,,,,
3406,Plate031,D11,,FALSE,,,,
3469,Plate031,D12,,FALSE,,,,
3423,Plate031,E1,,FALSE,,,,
3403,Plate031,E2,,FALSE,,,,
3359,Plate031,E3,,FALSE,,,,
3397,Plate031,E4,,FALSE,,,,
3436,Plate031,E5,,FALSE,,,,
3426,Plate031,E6,,FALSE,,,,
3394,Plate031,E7,,FALSE,,,,
3412,Plate031,E8,,FALSE,,,,
3380,Plate031,E9,,FALSE,,,,
3414,Plate031,E10,,FALSE,,,,
3443,Plate031,E11,,FALSE,,,,
3667,Plate031,E12,,FALSE,,,,
3452,Plate031,F1,,FALSE,,,,
3472,Plate031,F2,,FALSE,,,,
3668,Plate031,F3,,FALSE,,,,
3480,Plate031,F4,,FALSE,,,,
430,Plate031,F5,,FALSE,,,,
448,Plate031,F6,,FALSE,,,,
413,Plate031,F7,,FALSE,,,,
437,Plate031,F8,,FALSE,,,,
418,Plate031,F9,,FALSE,,,,
428,Plate031,F10,,FALSE,,,,
432,Plate031,F11,,FALSE,,,,
449,Plate031,F12,,FALSE,,,,
458,Plate031,G1,,FALSE,,,,
446,Plate031,G2,,FALSE,,,,
515,Plate031,G3,,FALSE,,,,
477,Plate031,G4,,FALSE,,,,
434,Plate031,G5,,FALSE,,,,
419,Plate031,G6,,FALSE,,,,
427,Plate031,G7,,FALSE,,,,
433,Plate031,G8,,FALSE,,,,
444,Plate031,G9,,FALSE,,,,
451,Plate031,G10,,FALSE,,,,
456,Plate031,G11,,FALSE,,,,
519,Plate031,G12,,FALSE,,,,
509,Plate031,H1,,FALSE,,,,
425,Plate031,H2,,FALSE,,,,
442,Plate031,H3,,FALSE,,,,
439,Plate031,H4,,FALSE,,,,
426,Plate031,H5,,FALSE,,,,
453,Plate031,H6,,FALSE,,,,
469,Plate031,H7,,FALSE,,,,
470,Plate031,H8,,FALSE,,,,
518,Plate031,H9,,FALSE,,,,
481,Plate031,H10,,FALSE,,,,
422,Plate031,H11,,FALSE,,,,
429,Plate031,H12,,FALSE,,,,
430 B15,Plate032,A1,,FALSE,,,,
441,Plate032,A2,,FALSE,,,,
450,Plate032,A3,,FALSE,,,,
459,Plate032,A4,,FALSE,,,,
464,Plate032,A5,,FALSE,,,,
483,Plate032,A6,,FALSE,,,,
484,Plate032,A7,,FALSE,,,,
1990,Plate032,A8,,FALSE,,,,
2003,Plate032,A9,,FALSE,,,,
2024,Plate032,A10,,FALSE,,,,
1979,Plate032,A11,,FALSE,,,,
1899,Plate032,A12,,FALSE,,,,
2085,Plate032,B1,,FALSE,,,,
1971,Plate032,B2,,FALSE,,,,
1920,Plate032,B3,,FALSE,,,,
1962,Plate032,B4,,FALSE,,,,
1910,Plate032,B5,,FALSE,,,,
1995,Plate032,B6,,TRUE,,,,
2087,Plate032,B7,,FALSE,,,,
1937,Plate032,B8,,FALSE,,,,
2094,Plate032,B9,duplicate,TRUE,2094 S2T5,,,
2000,Plate032,B10,,FALSE,,,,
2089,Plate032,B11,,FALSE,,,,
2005,Plate032,B12,,FALSE,,,,
1975,Plate032,C1,,FALSE,,,,
2088,Plate032,C2,,FALSE,,,,
2001,Plate032,C3,,FALSE,,,,
1993,Plate032,C4,,TRUE,,,,
1916,Plate032,C5,,FALSE,,,,
1999,Plate032,C6,,FALSE,,,,
2086,Plate032,C7,,FALSE,,,,
2006,Plate032,C8,,FALSE,,,,
1923,Plate032,C9,,FALSE,,,,
1969,Plate032,C10,,FALSE,,,,
1934,Plate032,C11,,FALSE,,,,
2023,Plate032,C12,,FALSE,,,,
1984,Plate032,D1,,FALSE,,,,
1917,Plate032,D2,,FALSE,,,,
1986,Plate032,D3,,FALSE,,,,
1966,Plate032,D4,,FALSE,,,,
1892,Plate032,D5,,FALSE,,,,
1953,Plate032,D6,,FALSE,,,,
1891,Plate032,D7,,FALSE,,,,
1782,Plate032,D8,,FALSE,,,,
1884,Plate032,D9,,FALSE,,,,
1863,Plate032,D10,,FALSE,,,,
1864,Plate032,D11,duplicate,TRUE,1864 S2T4,,,
1881,Plate032,D12,,FALSE,,,,
1786,Plate032,E1,,FALSE,,,,
1849,Plate032,E2,,FALSE,,,,
1846,Plate032,E3,,FALSE,,,,
1946,Plate032,E4,,FALSE,,,,
1951,Plate032,E5,,FALSE,,,,
1857,Plate032,E6,,FALSE,,,,
1842,Plate032,E7,,FALSE,,,,
1783,Plate032,E8,,FALSE,,,,
1844,Plate032,E9,,FALSE,,,,
1850,Plate032,E10,,FALSE,,,,
1943,Plate032,E11,,FALSE,,,,
1791,Plate032,E12,,FALSE,,,,
1843,Plate032,F1,,FALSE,,,,
1873,Plate032,F2,,FALSE,,,,
1840,Plate032,F3,,FALSE,,,,
1845,Plate032,F4,,FALSE,,,,
1856,Plate032,F5,,FALSE,,,,
1877,Plate032,F6,,FALSE,,,,
1885,Plate032,F7,,FALSE,,,,
1887,Plate032,F8,,FALSE,,,,
1875,Plate032,F9,,FALSE,,,,
1955,Plate032,F10,,FALSE,,,,
1956,Plate032,F11,,FALSE,,,,
1883,Plate032,F12,,FALSE,,,,
1785,Plate032,G1,,FALSE,,,,
1862,Plate032,G2,,FALSE,,,,
1794,Plate032,G3,,FALSE,,,,
1872,Plate032,G4,,FALSE,,,,
1880,Plate032,G5,,FALSE,,,,
1848,Plate032,G6,,FALSE,,,,
1939,Plate032,G7,,FALSE,,,,
1787,Plate032,G8,,FALSE,,,,
1888,Plate032,G9,,FALSE,,,,
1865,Plate032,G10,,FALSE,,,,
1954,Plate032,G11,,FALSE,,,,
1874,Plate032,G12,,FALSE,,,,
1882,Plate032,H1,,FALSE,,,,
1876,Plate032,H2,,FALSE,,,,
1879,Plate032,H3,,FALSE,,,,
1952,Plate032,H4,,FALSE,,,,
1790,Plate032,H5,,FALSE,,,,
1864,Plate032,H6,duplicate,TRUE,1864 S2T4,,,
1861,Plate032,H7,,FALSE,,,,
1948,Plate032,H8,,FALSE,,,,
1940,Plate032,H9,,FALSE,,,,
1868,Plate032,H10,,FALSE,,,,
1945,Plate032,H11,,FALSE,,,,
1949,Plate032,H12,,FALSE,,,,
1796,Plate033,A1,,FALSE,,,,
1834,Plate033,A2,,FALSE,,,,
1836,Plate033,A3,,FALSE,,,,
1817,Plate033,A4,,FALSE,,,,
1866,Plate033,A5,,FALSE,,,,
1855,Plate033,A6,,FALSE,,,,
1789,Plate033,A7,,FALSE,,,,
1802,Plate033,A8,,FALSE,,,,
1831,Plate033,A9,,FALSE,,,,
1811,Plate033,A10,,FALSE,,,,
1795,Plate033,A11,,FALSE,,,,
1839,Plate033,A12,,FALSE,,,,
1748,Plate033,B1,,FALSE,,,,
1792,Plate033,B2,,FALSE,,,,
1852,Plate033,B3,,FALSE,,,,
1851,Plate033,B4,,FALSE,,,,
1751,Plate033,B5,,FALSE,,,,
1700,Plate033,B6,,FALSE,,,,
1806,Plate033,B7,,FALSE,,,,
1702,Plate033,B8,,FALSE,,,,
1797,Plate033,B9,,FALSE,,,,
1705,Plate033,B10,,FALSE,,,,
1958,Plate033,B11,,FALSE,,,,
1841,Plate033,B12,,FALSE,,,,
1890,Plate033,C1,,FALSE,,,,
1753,Plate033,C2,,FALSE,,,,
1703,Plate033,C3,,FALSE,,,,
1822,Plate033,C4,,FALSE,,,,
1701,Plate033,C5,,FALSE,,,,
1810,Plate033,C6,,FALSE,,,,
1774,Plate033,C7,,FALSE,,,,
1768,Plate033,C8,,FALSE,,,,
1788,Plate033,C9,,FALSE,,,,
1853,Plate033,C10,,FALSE,,,,
1697,Plate033,C11,,FALSE,,,,
1773,Plate033,C12,,FALSE,,,,
1756,Plate033,D1,,FALSE,,,,
1746,Plate033,D2,,FALSE,,,,
1814,Plate033,D3,,FALSE,,,,
1764,Plate033,D4,,FALSE,,,,
1706,Plate033,D5,,FALSE,,,,
1781,Plate033,D6,,FALSE,,,,
1854,Plate033,D7,,FALSE,,,,
1827,Plate033,D8,,FALSE,,,,
1772,Plate033,D9,,FALSE,,,,
1809,Plate033,D10,,FALSE,,,,
1830,Plate033,D11,,FALSE,,,,
1750,Plate033,D12,,FALSE,,,,
1824,Plate033,E1,,FALSE,,,,
1799,Plate033,E2,,FALSE,,,,
1941,Plate033,E3,,FALSE,,,,
1860,Plate033,E4,,FALSE,,,,
1829,Plate033,E5,,FALSE,,,,
1760,Plate033,E6,,FALSE,,,,
1816,Plate033,E7,,FALSE,,,,
1832,Plate033,E8,,FALSE,,,,
1745,Plate033,E9,,FALSE,,,,
1747,Plate033,E10,,FALSE,,,,
1707,Plate033,E11,,FALSE,,,,
1793,Plate033,E12,,FALSE,,,,
1947,Plate033,F1,,FALSE,,,,
1800,Plate033,F2,,FALSE,,,,
1838,Plate033,F3,,FALSE,,,,
1815,Plate033,F4,,FALSE,,,,
1813,Plate033,F5,,FALSE,,,,
1805,Plate033,F6,,FALSE,,,,
1698,Plate033,F7,,FALSE,,,,
1759,Plate033,F8,,FALSE,,,,
1858,Plate033,F9,,FALSE,,,,
1944,Plate033,F10,,FALSE,,,,
2095,Plate033,F11,,FALSE,,,,
2004,Plate033,F12,,FALSE,,,,
1929,Plate033,G1,,FALSE,,,,
1989,Plate033,G2,,FALSE,,,,
2014,Plate033,G3,,FALSE,,,,
2019,Plate033,G4,,FALSE,,,,
1925,Plate033,G5,,FALSE,,,,
1900,Plate033,G6,,FALSE,,,,
1908,Plate033,G7,,FALSE,,,,
1911,Plate033,G8,,FALSE,,,,
1987,Plate033,G9,,FALSE,,,,
1970,Plate033,G10,,FALSE,,,,
1931,Plate033,G11,,FALSE,,,,
1914,Plate033,G12,,FALSE,,,,
1878,Plate033,H1,,FALSE,,,,
1871,Plate033,H2,,FALSE,,,,
1869,Plate033,H3,,FALSE,,,,
1950,Plate033,H4,,FALSE,,,,
1938,Plate033,H5,,FALSE,,,,
1870,Plate033,H6,,FALSE,,,,
1859,Plate033,H7,,FALSE,,,,
1957,Plate033,H8,,FALSE,,,,
1847,Plate033,H9,,FALSE,,,,
1780,Plate033,H10,,FALSE,,,,
1886,Plate033,H11,,FALSE,,,,
1779,Plate033,H12,,FALSE,,,,
1530,Plate034,A1,,FALSE,,,,
1529,Plate034,A2,,FALSE,,,,
1297,Plate034,A3,,FALSE,,,,
1335,Plate034,A4,,FALSE,,,,
1549,Plate034,A5,,FALSE,,,,
1515,Plate034,A6,,FALSE,,,,
1508,Plate034,A7,,FALSE,,,,
1593,Plate034,A8,,FALSE,,,,
1693,Plate034,A9,,FALSE,,,,
1653,Plate034,A10,,FALSE,,,,
1679,Plate034,A11,,FALSE,,,,
1584,Plate034,A12,,FALSE,,,,
1659,Plate034,B1,,FALSE,,,,
1504,Plate034,B2,,FALSE,,,,
1510,Plate034,B3,,FALSE,,,,
1564,Plate034,B4,,FALSE,,,,
1692,Plate034,B5,,FALSE,,,,
1555,Plate034,B6,,FALSE,,,,
1666,Plate034,B7,,FALSE,,,,
1581,Plate034,B8,,FALSE,,,,
1686,Plate034,B9,,FALSE,,,,
1669,Plate034,B10,,FALSE,,,,
1645,Plate034,B11,,FALSE,,,,
1557,Plate034,B12,,FALSE,,,,
1567,Plate034,C1,,FALSE,,,,
1582,Plate034,C2,,FALSE,,,,
1589,Plate034,C3,,FALSE,,,,
1663,Plate034,C4,,FALSE,,,,
1727,Plate034,C5,,FALSE,,,,
1685,Plate034,C6,,FALSE,,,,
1722,Plate034,C7,,FALSE,,,,
1514,Plate034,C8,,FALSE,,,,
1548,Plate034,C9,,FALSE,,,,
1570,Plate034,C10,,FALSE,,,,
1576,Plate034,C11,,FALSE,,,,
1583,Plate034,C12,,FALSE,,,,
1650,Plate034,D1,,FALSE,,,,
1673,Plate034,D2,,FALSE,,,,
1587,Plate034,D3,,FALSE,,,,
1668,Plate034,D4,,FALSE,,,,
1518,Plate034,D5,,FALSE,,,,
1512,Plate034,D6,,FALSE,,,,
1637,Plate034,D7,,FALSE,,,,
1590,Plate034,D8,,FALSE,,,,
1680,Plate034,D9,,FALSE,,,,
1554,Plate034,D10,,FALSE,,,,
1665,Plate034,D11,,FALSE,,,,
1732,Plate034,D12,,FALSE,,,,
1711,Plate034,E1,,FALSE,,,,
1505,Plate034,E2,,FALSE,,,,
1639,Plate034,E3,,FALSE,,,,
1638,Plate034,E4,,FALSE,,,,
1592,Plate034,E5,,FALSE,,,,
1694,Plate034,E6,,FALSE,,,,
1714,Plate034,E7,,FALSE,,,,
1588,Plate034,E8,,FALSE,,,,
1662,Plate034,E9,,FALSE,,,,
1716,Plate034,E10,,FALSE,,,,
1546,Plate034,E11,,FALSE,,,,
1566,Plate034,E12,,FALSE,,,,
1634,Plate034,F1,,FALSE,,,,
1578,Plate034,F2,,FALSE,,,,
1577,Plate034,F3,,FALSE,,,,
1656,Plate034,F4,,FALSE,,,,
1667,Plate034,F5,,FALSE,,,,
1660,Plate034,F6,,FALSE,,,,
1675,Plate034,F7,,FALSE,,,,
1350,Plate034,F8,,FALSE,,,,
1646,Plate034,F9,,FALSE,,,,
1632,Plate034,F10,,FALSE,,,,
1585,Plate034,F11,,FALSE,,,,
1586,Plate034,F12,,FALSE,,,,
1556,Plate034,G1,,FALSE,,,,
1690,Plate034,G2,,FALSE,,,,
1664,Plate034,G3,,FALSE,,,,
1580,Plate034,G4,,FALSE,,,,
1353,Plate034,G5,,FALSE,,,,
1563,Plate034,G6,,FALSE,,,,
1626,Plate034,G7,,FALSE,,,,
1579,Plate034,G8,,FALSE,,,,
1575,Plate034,G9,,FALSE,,,,
1553,Plate034,G10,,FALSE,,,,
1683,Plate034,G11,,FALSE,,,,
1724,Plate034,G12,,FALSE,,,,
1678,Plate034,H1,,FALSE,,,,
1777,Plate034,H2,,FALSE,,,,
1807,Plate034,H3,,FALSE,,,,
1835,Plate034,H4,,FALSE,,,,
1821,Plate034,H5,,FALSE,,,,
1804,Plate034,H6,,FALSE,,,,
1754,Plate034,H7,,FALSE,,,,
1784,Plate034,H8,,FALSE,,,,
1889,Plate034,H9,,FALSE,,,,
1942,Plate034,H10,,FALSE,,,,
1833,Plate034,H11,,FALSE,,,,
1771,Plate034,H12,,FALSE,,,,
1361,Plate035,A1,,FALSE,,,,
1463,Plate035,A2,,FALSE,,,,
1533,Plate035,A3,,FALSE,,,,
1470,Plate035,A4,,FALSE,,,,
1479,Plate035,A5,,FALSE,,,,
1376,Plate035,A6,,FALSE,,,,
1537,Plate035,A7,,FALSE,,,,
1503,Plate035,A8,,FALSE,,,,
1465,Plate035,A9,,FALSE,,,,
1464,Plate035,A10,,FALSE,,,,
1456,Plate035,A11,,FALSE,,,,
1539,Plate035,A12,,FALSE,,,,
1491,Plate035,B1,,FALSE,,,,
1534,Plate035,B2,,FALSE,,,,
1368,Plate035,B3,,FALSE,,,,
1462,Plate035,B4,,FALSE,,,,
1374,Plate035,B5,,FALSE,,,,
1365,Plate035,B6,,FALSE,,,,
1525,Plate035,B7,,FALSE,,,,
1493,Plate035,B8,,FALSE,,,,
1383,Plate035,B9,,FALSE,,,,
1381,Plate035,B10,,FALSE,,,,
1477,Plate035,B11,,FALSE,,,,
1499,Plate035,B12,,FALSE,,,,
1500,Plate035,C1,,FALSE,,,,
1487,Plate035,C2,,FALSE,,,,
1532,Plate035,C3,,FALSE,,,,
1455,Plate035,C4,,FALSE,,,,
1466,Plate035,C5,,FALSE,,,,
1473,Plate035,C6,,FALSE,,,,
1366,Plate035,C7,,FALSE,,,,
1486,Plate035,C8,,FALSE,,,,
1379,Plate035,C9,,FALSE,,,,
1485,Plate035,C10,,FALSE,,,,
1502,Plate035,C11,,FALSE,,,,
1372,Plate035,C12,,FALSE,,,,
1457,Plate035,D1,,FALSE,,,,
1458,Plate035,D2,,FALSE,,,,
1522,Plate035,D3,,FALSE,,,,
1472,Plate035,D4,,FALSE,,,,
1467,Plate035,D5,,FALSE,,,,
1476,Plate035,D6,,FALSE,,,,
1524,Plate035,D7,,FALSE,,,,
1498,Plate035,D8,,FALSE,,,,
1536,Plate035,D9,,FALSE,,,,
1488,Plate035,D10,,FALSE,,,,
1380,Plate035,D11,,FALSE,,,,
1540,Plate035,D12,,FALSE,,,,
1474,Plate035,E1,,FALSE,,,,
1468,Plate035,E2,,FALSE,,,,
1492,Plate035,E3,,FALSE,,,,
1483,Plate035,E4,,FALSE,,,,
1526,Plate035,E5,,FALSE,,,,
1531,Plate035,E6,,FALSE,,,,
1454,Plate035,E7,,FALSE,,,,
1481,Plate035,E8,,FALSE,,,,
1591,Plate035,E9,,FALSE,,,,
1469,Plate035,E10,,FALSE,,,,
1475,Plate035,E11,,FALSE,,,,
1471,Plate035,E12,,FALSE,,,,
1489,Plate035,F1,,FALSE,,,,
1363,Plate035,F2,,FALSE,,,,
1478,Plate035,F3,,FALSE,,,,
1535,Plate035,F4,,FALSE,,,,
1482,Plate035,F5,,FALSE,,,,
1378,Plate035,F6,,FALSE,,,,
1490,Plate035,F7,,FALSE,,,,
1484,Plate035,F8,,FALSE,,,,
1480,Plate035,F9,,FALSE,,,,
1528,Plate035,F10,,FALSE,,,,
1494,Plate035,F11,,FALSE,,,,
1527,Plate035,F12,,FALSE,,,,
1375,Plate035,G1,,FALSE,,,,
1369,Plate035,G2,,FALSE,,,,
1367,Plate035,G3,,FALSE,,,,
1501,Plate035,G4,,FALSE,,,,
1981,Plate035,G5,,FALSE,,,,
1991,Plate035,G6,,FALSE,,,,
2093,Plate035,G7,,FALSE,,,,
1936,Plate035,G8,,FALSE,,,,
1961,Plate035,G9,,FALSE,,,,
1977,Plate035,G10,,FALSE,,,,
1996,Plate035,G11,,FALSE,,,,
1928,Plate035,G12,,FALSE,,,,
1993,Plate035,H1,duplciate,TRUE,1993 S2T5,,,
1976,Plate035,H2,,FALSE,,,,
1906,Plate035,H3,,FALSE,,,,
1924,Plate035,H4,,FALSE,,,,
2007,Plate035,H5,,FALSE,,,,
1922,Plate035,H6,,FALSE,,,,
1997,Plate035,H7,,FALSE,,,,
2015,Plate035,H8,,FALSE,,,,
1998,Plate035,H9,,FALSE,,,,
1902,Plate035,H10,,FALSE,,,,
2097,Plate035,H11,,FALSE,,,,
1985,Plate035,H12,,FALSE,,,,
1959,Plate036,A1,,FALSE,,,,
2002,Plate036,A2,,FALSE,,,,
2096,Plate036,A3,,FALSE,,,,
1897,Plate036,A4,,FALSE,,,,
2016,Plate036,A5,,FALSE,,,,
1972,Plate036,A6,,FALSE,,,,
1992,Plate036,A7,,FALSE,,,,
1983,Plate036,A8,,FALSE,,,,
2011,Plate036,A9,,FALSE,,,,
1982,Plate036,A10,,FALSE,,,,
1909,Plate036,A11,,FALSE,,,,
2091,Plate036,A12,,FALSE,,,,
1963,Plate036,B1,,FALSE,,,,
1973,Plate036,B2,,FALSE,,,,
1895,Plate036,B3,,FALSE,,,,
2009,Plate036,B4,,FALSE,,,,
1913,Plate036,B5,,FALSE,,,,
1918,Plate036,B6,,FALSE,,,,
1930,Plate036,B7,,FALSE,,,,
1904,Plate036,B8,,FALSE,,,,
2013,Plate036,B9,,FALSE,,,,
1932,Plate036,B10,,FALSE,,,,
2020,Plate036,B11,,FALSE,,,,
1898,Plate036,B12,,FALSE,,,,
2025,Plate036,C1,,FALSE,,,,
2018,Plate036,C2,,FALSE,,,,
1903,Plate036,C3,,FALSE,,,,
1980,Plate036,C4,,FALSE,,,,
1974,Plate036,C5,,FALSE,,,,
2008,Plate036,C6,,FALSE,,,,
1926,Plate036,C7,,FALSE,,,,
2022,Plate036,C8,,FALSE,,,,
1964,Plate036,C9,,FALSE,,,,
1919,Plate036,C10,,FALSE,,,,
2017,Plate036,C11,,FALSE,,,,
1894,Plate036,C12,,FALSE,,,,
1915,Plate036,D1,,FALSE,,,,
1995,Plate036,D2,duplicate,TRUE,1995 S2T5,,,
1978,Plate036,D3,,FALSE,,,,
1968,Plate036,D4,,FALSE,,,,
2026,Plate036,D5,,FALSE,,,,
2010,Plate036,D6,,FALSE,,,,
1965,Plate036,D7,,FALSE,,,,
2021,Plate036,D8,,FALSE,,,,
1935,Plate036,D9,,FALSE,,,,
1933,Plate036,D10,,FALSE,,,,
1960,Plate036,D11,,FALSE,,,,
1905,Plate036,D12,,FALSE,,,,
1988,Plate036,E1,,FALSE,,,,
1967,Plate036,E2,,FALSE,,,,
2099,Plate036,E3,,FALSE,,,,
1927,Plate036,E4,,FALSE,,,,
1912,Plate036,E5,,FALSE,,,,
2092,Plate036,E6,,FALSE,,,,
1901,Plate036,E7,,FALSE,,,,
1896,Plate036,E8,,FALSE,,,,
2090,Plate036,E9,duplicate,TRUE,2090 S2T3,,,
1907,Plate036,E10,,FALSE,,,,
2098,Plate036,E11,,FALSE,,,,
1921,Plate036,E12,,FALSE,,,,
2012,Plate036,F1,,FALSE,,,,
1264,Plate036,F2,,FALSE,,,,
1116,Plate036,F3,,FALSE,,,,
1156,Plate036,F4,,FALSE,,,,
1121,Plate036,F5,duplicate,TRUE,1121 S5T3,,,
1058,Plate036,F6,,FALSE,,,,
1082,Plate036,F7,,FALSE,,,,
942,Plate036,F8,,FALSE,,,,
1140,Plate036,F9,,FALSE,,,,
1147,Plate036,F10,,FALSE,,,,
1148,Plate036,F11,,FALSE,,,,
1128,Plate036,F12,,FALSE,,,,
1125,Plate036,G1,,FALSE,,,,
1118,Plate036,G2,,FALSE,,,,
1159,Plate036,G3,,FALSE,,,,
1062,Plate036,G4,,FALSE,,,,
1111,Plate036,G5,,FALSE,,,,
1131,Plate036,G6,,FALSE,,,,
939,Plate036,G7,,FALSE,,,,
1221,Plate036,G8,,FALSE,,,,
1113,Plate036,G9,,FALSE,,,,
941,Plate036,G10,,FALSE,,,,
1057,Plate036,G11,,FALSE,,,,
1083,Plate036,G12,,FALSE,,,,
1051,Plate036,H1,,FALSE,,,,
937,Plate036,H2,,FALSE,,,,
1085,Plate036,H3,,FALSE,,,,
1124,Plate036,H4,,FALSE,,,,
1222,Plate036,H5,,FALSE,,,,
932,Plate036,H6,,FALSE,,,,
1138,Plate036,H7,,FALSE,,,,
1072,Plate036,H8,,FALSE,,,,
1114,Plate036,H9,,FALSE,,,,
1067,Plate036,H10,,FALSE,,,,
930,Plate036,H11,,FALSE,,,,
1079,Plate036,H12,,FALSE,,,,
1063,Plate037,A1,,FALSE,,,,
1214,Plate037,A2,,FALSE,,,,
1160,Plate037,A3,,FALSE,,,,
1073,Plate037,A4,,FALSE,,,,
1074,Plate037,A5,,FALSE,,,,
1064,Plate037,A6,,FALSE,,,,
1120,Plate037,A7,,FALSE,,,,
947,Plate037,A8,,FALSE,,,,
1059,Plate037,A9,,FALSE,,,,
931,Plate037,A10,,FALSE,,,,
1218,Plate037,A11,,FALSE,,,,
1075,Plate037,A12,,FALSE,,,,
1129,Plate037,B1,,FALSE,,,,
1069,Plate037,B2,,FALSE,,,,
1076,Plate037,B3,,FALSE,,,,
1153,Plate037,B4,,FALSE,,,,
945,Plate037,B5,,FALSE,,,,
1109,Plate037,B6,,FALSE,,,,
1141,Plate037,B7,,FALSE,,,,
1266,Plate037,B8,,FALSE,,,,
1202,Plate037,B9,,FALSE,,,,
1144,Plate037,B10,,FALSE,,,,
1065,Plate037,B11,,FALSE,,,,
1121,Plate037,B12,duplicate,TRUE,1121 S5T3,,,
1066,Plate037,C1,,FALSE,,,,
1080,Plate037,C2,,FALSE,,,,
944,Plate037,C3,,FALSE,,,,
1136,Plate037,C4,,FALSE,,,,
1265,Plate037,C5,,FALSE,,,,
1223,Plate037,C6,,FALSE,,,,
1135,Plate037,C7,,FALSE,,,,
949,Plate037,C8,,FALSE,,,,
1061,Plate037,C9,,FALSE,,,,
1119,Plate037,C10,,FALSE,,,,
951,Plate037,C11,,FALSE,,,,
1078,Plate037,C12,,FALSE,,,,
1056,Plate037,D1,,FALSE,,,,
1267,Plate037,D2,,FALSE,,,,
1261,Plate037,D3,,FALSE,,,,
1068,Plate037,D4,,FALSE,,,,
1146,Plate037,D5,,FALSE,,,,
1071,Plate037,D6,,FALSE,,,,
1070,Plate037,D7,,FALSE,,,,
1084,Plate037,D8,,FALSE,,,,
940,Plate037,D9,,FALSE,,,,
950,Plate037,D10,,FALSE,,,,
918,Plate037,D11,,FALSE,,,,
875,Plate037,D12,,FALSE,,,,
897,Plate037,E1,,FALSE,,,,
785,Plate037,E2,,FALSE,,,,
743,Plate037,E3,,FALSE,,,,
870,Plate037,E4,,FALSE,,,,
886,Plate037,E5,,FALSE,,,,
800,Plate037,E6,,FALSE,,,,
837,Plate037,E7,,FALSE,,,,
765,Plate037,E8,,FALSE,,,,
797,Plate037,E9,,FALSE,,,,
829,Plate037,E10,,FALSE,,,,
784,Plate037,E11,,FALSE,,,,
768,Plate037,E12,,FALSE,,,,
882,Plate037,F1,,FALSE,,,,
813,Plate037,F2,,FALSE,,,,
900,Plate037,F3,,FALSE,,,,
841,Plate037,F4,,FALSE,,,,
924,Plate037,F5,,FALSE,,,,
748,Plate037,F6,,FALSE,,,,
891,Plate037,F7,,FALSE,,,,
922,Plate037,F8,,FALSE,,,,
789,Plate037,F9,,FALSE,,,,
884,Plate037,F10,,FALSE,,,,
780,Plate037,F11,,FALSE,,,,
901,Plate037,F12,,FALSE,,,,
840,Plate037,G1,,FALSE,,,,
760,Plate037,G2,,FALSE,,,,
795,Plate037,G3,,FALSE,,,,
928,Plate037,G4,,FALSE,,,,
762,Plate037,G5,,FALSE,,,,
742,Plate037,G6,,FALSE,,,,
766,Plate037,G7,,FALSE,,,,
793,Plate037,G8,,FALSE,,,,
802,Plate037,G9,,FALSE,,,,
903,Plate037,G10,,FALSE,,,,
790,Plate037,G11,,FALSE,,,,
821,Plate037,G12,,FALSE,,,,
818,Plate037,H1,,FALSE,,,,
783,Plate037,H2,,FALSE,,,,
902,Plate037,H3,,FALSE,,,,
896,Plate037,H4,,FALSE,,,,
826,Plate037,H5,,FALSE,,,,
801,Plate037,H6,,FALSE,,,,
904,Plate037,H7,,FALSE,,,,
756,Plate037,H8,,FALSE,,,,
791,Plate037,H9,,FALSE,,,,
809,Plate037,H10,,FALSE,,,,
781,Plate037,H11,duplicate,TRUE,781 S5T1,,,
788,Plate037,H12,,FALSE,,,,
814,Plate038,A1,,FALSE,,,,
892,Plate038,A2,,FALSE,,,,
799,Plate038,A3,,FALSE,,,,
905,Plate038,A4,,FALSE,,,,
787,Plate038,A5,,FALSE,,,,
910,Plate038,A6,,FALSE,,,,
893,Plate038,A7,,FALSE,,,,
921,Plate038,A8,,FALSE,,,,
883,Plate038,A9,,FALSE,,,,
781,Plate038,A10,duplicate,TRUE,781 S5T1,,,
881,Plate038,A11,,FALSE,,,,
808,Plate038,A12,,FALSE,,,,
894,Plate038,B1,,FALSE,,,,
806,Plate038,B2,,FALSE,,,,
759,Plate038,B3,,FALSE,,,,
823,Plate038,B4,,FALSE,,,,
830,Plate038,B5,,FALSE,,,,
779,Plate038,B6,,FALSE,,,,
812,Plate038,B7,,FALSE,,,,
825,Plate038,B8,,FALSE,,,,
816,Plate038,B9,,FALSE,,,,
842,Plate038,B10,,FALSE,,,,
877,Plate038,B11,duplicate,TRUE,877 S5T1,,,
909,Plate038,B12,,FALSE,,,,
828,Plate038,C1,,FALSE,,,,
822,Plate038,C2,,FALSE,,,,
764,Plate038,C3,,FALSE,,,,
819,Plate038,C4,,FALSE,,,,
888,Plate038,C5,,FALSE,,,,
877,Plate038,C6,duplicate,TRUE,877 S5T1,,,
839,Plate038,C7,,FALSE,,,,
3898,Plate038,C8,,FALSE,,,,
3936,Plate038,C9,,FALSE,,,,
3804,Plate038,C10,,FALSE,,,,
3789,Plate038,C11,,FALSE,,,,
3894,Plate038,C12,,FALSE,,,,
3826,Plate038,D1,,FALSE,,,,
3900,Plate038,D2,,FALSE,,,,
3925,Plate038,D3,,FALSE,,,,
3910,Plate038,D4,,FALSE,,,,
3929,Plate038,D5,,FALSE,,,,
3907,Plate038,D6,,FALSE,,,,
3928,Plate038,D7,,FALSE,,,,
3931,Plate038,D8,,FALSE,,,,
3930,Plate038,D9,,FALSE,,,,
3933,Plate038,D10,,FALSE,,,,
3940,Plate038,D11,,FALSE,,,,