Sanger.Plate.Name,Sequence.ID,Plate.Well,gDNA.Extraction.Plate,Sample.ID,Haplotype,Notes
HP_240619A,HP-057,A1,Plate010,456,Haplotype 1a,
HP_240619A,HP-058,B1,Plate010,486,Haplotype 10,
HP_240619A,HP-059,C1,Plate010,444,Haplotype 10,
HP_240619A,HP-060,D1,Plate010,433,Haplotype 1a,
HP_240619A,HP-061,E1,Plate010,421,Haplotype 10,
HP_240619A,HP-062,F1,Plate010,538,Haplotype 8a,
HP_240619A,HP-063,G1,Plate010,675,Haplotype 1a,
HP_240619A,HP-064,H1,Plate010,611,Haplotype 3,
HP_240619A,HP-065,A2,Plate010,451,Haplotype 1a,
HP_240619A,HP-066,B2,Plate010,452,Haplotype 8a,
HP_240619A,HP-067,C2,Plate010,443,Haplotype 8a,
HP_240619A,HP-068,D2,Plate010,431,Haplotype 1a,
HP_240619A,HP-069,E2,Plate010,420,Haplotype 11,
HP_240619A,HP-070,F2,Plate010,652,Haplotype 1a,
HP_240619A,HP-071,G2,Plate010,554,Haplotype 3,
HP_240619A,HP-072,H2,Plate010,602,Haplotype 1a,
HP_240619A,HP-073,A3,Plate010,471,NA,
HP_240619A,HP-074,B3,Plate010,619,Haplotype 3,
HP_240619A,HP-075,C3,Plate010,442,Haplotype 1a,
HP_240619A,HP-076,D3,Plate010,430,Haplotype 11,
HP_240619A,HP-077,E3,Plate010,419,Haplotype 11,
HP_240619A,HP-078,F3,Plate010,546,Haplotype 5a,
HP_240619A,HP-079,G3,Plate010,542,Haplotype 10,
HP_240619A,HP-080,H3,Plate010,543,Haplotype 3,
HP_240619A,HP-081,A4,Plate010,461,Haplotype 1a,
HP_240619A,HP-082,B4,Plate010,473,Haplotype 3,
HP_240619A,HP-083,C4,Plate010,441,Haplotype 1a,
HP_240619A,HP-084,D4,Plate010,430_BIS,Haplotype 10,
HP_240619A,HP-085,E4,Plate010,418,Haplotype 1a,
HP_240619A,HP-086,F4,Plate010,598,Haplotype 3,
HP_240619A,HP-087,G4,Plate010,597,Haplotype 1a,
HP_240619A,HP-088,H4,Plate010,601,Haplotype 1a,
HP_240619A,HP-089,A5,Plate010,490,NA,
HP_240619A,HP-090,B5,Plate010,472,Haplotype 10,
HP_240619A,HP-091,C5,Plate010,440,Haplotype 1a,
HP_240619A,HP-092,D5,Plate010,429,Haplotype 1a,
HP_240619A,HP-093,E5,Plate010,416,Haplotype 2,
HP_240619A,HP-094,F5,Plate010,527,Haplotype 11,
HP_240619A,HP-095,G5,Plate010,603,Haplotype 1a,
HP_240619A,HP-096,H5,Plate010,605,Haplotype 1a,
HP_240619A,HP-097,A6,Plate010,460,NA,
HP_240619A,HP-098,B6,Plate010,454,Haplotype 5a,
HP_240619A,HP-099,C6,Plate010,439,Haplotype 1a,
HP_240619A,HP-100,D6,Plate010,428,Haplotype 10,
HP_240619A,HP-101,E6,Plate010,415,Haplotype 3,
HP_240619A,HP-102,F6,Plate010,616,Haplotype 3,
HP_240619A,HP-103,G6,Plate010,607,Haplotype 1a,
HP_240619A,HP-104,H6,Plate010,526,Haplotype 11,
HP_240619A,HP-105,A7,Plate010,477,Haplotype 10,
HP_240619A,HP-106,B7,Plate010,406,Haplotype 1a,
HP_240619A,HP-107,C7,Plate010,438,Haplotype 3,
HP_240619A,HP-108,D7,Plate010,427,Haplotype 1a,
HP_240619A,HP-109,E7,Plate010,414,Haplotype 3,
HP_240619A,HP-110,F7,Plate010,573,Haplotype 1a,
HP_240619A,HP-111,G7,Plate010,615,Haplotype 8a,
HP_240619A,HP-112,H7,Plate010,575,Haplotype 1a,
HP_240619A,HP-113,A8,Plate010,515,Haplotype 3,
HP_240619A,HP-114,B8,Plate010,463,Haplotype 3,
HP_240619A,HP-115,C8,Plate010,437,NA,
HP_240619A,HP-116,D8,Plate010,426,Haplotype 1a,
HP_240619A,HP-117,E8,Plate010,417,Haplotype 11,
HP_240619A,HP-118,F8,Plate010,606,Haplotype 1a,
HP_240619A,HP-119,G8,Plate010,556,Haplotype 1a,
HP_240619A,HP-120,H8,Plate010,528,Haplotype 1a,
HP_240619A,HP-121,A9,Plate010,479,Haplotype 1a,
HP_240619A,HP-122,B9,Plate010,448,Haplotype 1a,
HP_240619A,HP-123,C9,Plate010,436,Haplotype 10,
HP_240619A,HP-124,D9,Plate010,425,NA,
HP_240619A,HP-125,E9,Plate010,412,Haplotype 1a,
HP_240619A,HP-126,F9,Plate010,617,Haplotype 3,
HP_240619A,HP-127,G9,Plate010,550,Haplotype 1a,
HP_240619A,HP-128,H9,Plate010,608,NA,
HP_240619A,HP-129,A10,Plate010,458,Haplotype 1a,
HP_240619A,HP-130,B10,Plate010,447,Haplotype 8a,
HP_240619A,HP-131,C10,Plate010,435,NA,
HP_240619A,HP-132,D10,Plate010,424,Haplotype 1a,
HP_240619A,HP-133,E10,Plate010,411,Haplotype 1a,
HP_240619A,HP-134,F10,Plate010,549,Haplotype 1a,
HP_240619A,HP-135,G10,Plate010,545,Haplotype 3,
HP_240619A,HP-136,H10,Plate010,595,Haplotype 11,
HP_240619A,HP-137,A11,Plate010,449,Haplotype 1a,
HP_240619A,HP-138,B11,Plate010,446,Haplotype 3,
HP_240619A,HP-139,C11,Plate010,434,Haplotype 1a,
HP_240619A,HP-140,D11,Plate010,423,Haplotype 2,
HP_240619A,HP-141,E11,Plate010,410,Haplotype 1a,
HP_240619A,HP-142,F11,Plate010,559,Haplotype 1a,
HP_240619A,HP-143,G11,Plate010,592,Haplotype 1a,
HP_240619A,HP-144,H11,Plate010,537,NA,
HP_240619A,HP-145,A12,Plate010,478,Haplotype 3,
HP_240619A,HP-146,B12,Plate010,445,Haplotype 1a,
HP_240619A,HP-147,C12,Plate010,432,Haplotype 1a,
HP_240619A,HP-148,D12,Plate010,422,Haplotype 1a,
HP_240619A,HP-149,E12,Plate010,557,Haplotype 1a,
HP_240619A,HP-150,F12,Plate010,604,Haplotype 1a,
HP_240619A,HP-151,G12,Plate010,614,Haplotype 1a,
HP_240619A,NA,H12,Plate010,NA,NA,
HP_240619B,HP-151,A1,Plate011,534,Haplotype 3,
HP_240619B,HP-152,B1,Plate011,722,Haplotype 8a,
HP_240619B,HP-153,C1,Plate011,726,Haplotype 1a,
HP_240619B,HP-154,D1,Plate011,669,Haplotype 1a,
HP_240619B,HP-155,E1,Plate011,3617,Haplotype 1a,
HP_240619B,HP-156,F1,Plate011,3650_BIS,Haplotype 10,
HP_240619B,HP-157,G1,Plate011,3550,Haplotype 1a,
HP_240619B,HP-158,H1,Plate011,3638,Haplotype 5a,
HP_240619B,HP-159,A2,Plate011,651,Haplotype 10,
HP_240619B,HP-160,B2,Plate011,683,Haplotype 1a,
HP_240619B,HP-161,C2,Plate011,676,Haplotype 1a,
HP_240619B,HP-162,D2,Plate011,689,Haplotype 1a,
HP_240619B,HP-163,E2,Plate011,3538,NA,
HP_240619B,HP-164,F2,Plate011,3724,Haplotype 1a,
HP_240619B,HP-165,G2,Plate011,3625,NA,
HP_240619B,HP-166,H2,Plate011,3707,Haplotype 1a,
HP_240619B,HP-167,A3,Plate011,551,Haplotype 11,
HP_240619B,HP-168,B3,Plate011,668,Haplotype 1a,
HP_240619B,HP-169,C3,Plate011,670,Haplotype 1a,
HP_240619B,HP-170,D3,Plate011,664,Haplotype 11,
HP_240619B,HP-171,E3,Plate011,3532,Haplotype 1a,
HP_240619B,HP-172,F3,Plate011,3718,Haplotype 11,
HP_240619B,HP-173,G3,Plate011,3725,NA,
HP_240619B,HP-174,H3,Plate011,3546,NA,
HP_240619B,HP-175,A4,Plate011,596,Haplotype 1a,
HP_240619B,HP-176,B4,Plate011,685,Haplotype 1a,
HP_240619B,HP-177,C4,Plate011,672,Haplotype 3,
HP_240619B,HP-178,D4,Plate011,686,Haplotype 11,
HP_240619B,HP-179,E4,Plate011,3542,Haplotype 10,
HP_240619B,HP-180,F4,Plate011,3614,NA,
HP_240619B,HP-181,G4,Plate011,3731,NA,
HP_240619B,HP-182,H4,Plate011,3637,NA,
HP_240619B,HP-183,A5,Plate011,600,NA,
HP_240619B,HP-184,B5,Plate011,658,Haplotype 11,
HP_240619B,HP-185,C5,Plate011,687,NA,
HP_240619B,HP-186,D5,Plate011,680,Haplotype 1a,
HP_240619B,HP-187,E5,Plate011,3594,Haplotype 8a,
HP_240619B,HP-188,F5,Plate011,3596,NA,
HP_240619B,HP-189,G5,Plate011,3730,NA,
HP_240619B,HP-190,H5,Plate011,3647,Haplotype 11,
HP_240619B,HP-191,A6,Plate011,552,Haplotype 10,
HP_240619B,HP-192,B6,Plate011,728,Haplotype 11,
HP_240619B,HP-193,C6,Plate011,724,Haplotype 3,
HP_240619B,HP-194,D6,Plate011,725,Haplotype 1a,
HP_240619B,HP-195,E6,Plate011,3593,Haplotype 3,
HP_240619B,HP-196,F6,Plate011,3556,Haplotype 3,
HP_240619B,HP-197,G6,Plate011,3559,Haplotype 1a,
HP_240619B,HP-198,H6,Plate011,3723,Haplotype 1a,
HP_240619B,HP-199,A7,Plate011,541,Haplotype 3,
HP_240619B,HP-200,B7,Plate011,661,NA,
HP_240619B,HP-201,C7,Plate011,682,NA,
HP_240619B,HP-202,D7,Plate011,723,Haplotype 1a,
HP_240619B,HP-203,E7,Plate011,3555,NA,
HP_240619B,HP-204,F7,Plate011,3549,Haplotype 1a,
HP_240619B,HP-205,G7,Plate011,3353,Haplotype 10,
HP_240619B,HP-206,H7,Plate011,3615,Haplotype 1a,
HP_240619B,HP-207,A8,Plate011,562,NA,
HP_240619B,HP-208,B8,Plate011,677,Haplotype 5a,
HP_240619B,HP-209,C8,Plate011,679,Haplotype 5a,
HP_240619B,HP-210,D8,Plate011,667,Haplotype 1a,
HP_240619B,HP-211,E8,Plate011,3722,NA,
HP_240619B,HP-212,F8,Plate011,3726,Haplotype 1a,
HP_240619B,HP-213,G8,Plate011,3717,NA,
HP_240619B,HP-214,H8,Plate011,3535,Haplotype 1a,
HP_240619B,HP-215,A9,Plate011,609,Haplotype 1a,
HP_240619B,HP-216,B9,Plate011,738,Haplotype 11,
HP_240619B,HP-217,C9,Plate011,721,Haplotype 1a,
HP_240619B,HP-218,D9,Plate011,3554,NA,
HP_240619B,HP-219,E9,Plate011,3710,Haplotype 1a,
HP_240619B,HP-220,F9,Plate011,3686,Haplotype 1a,
HP_240619B,HP-221,G9,Plate011,3592,Haplotype 1a,
HP_240619B,HP-222,H9,Plate011,3629,Haplotype 1a,
HP_240619B,HP-223,A10,Plate011,535,Haplotype 1a,
HP_240619B,HP-224,B10,Plate011,678,NA,
HP_240619B,HP-225,C10,Plate011,703,Haplotype 1a,
HP_240619B,HP-226,D10,Plate011,3605,NA,
HP_240619B,HP-227,E10,Plate011,3543,NA,
HP_240619B,HP-228,F10,Plate011,3552,Haplotype 1a,
HP_240619B,HP-229,G10,Plate011,3627,Haplotype 1a,
HP_240619B,HP-230,H10,Plate011,3602,Haplotype 1a,
HP_240619B,HP-231,A11,Plate011,702,Haplotype 8a,
HP_240619B,HP-232,B11,Plate011,681,NA,
HP_240619B,HP-233,C11,Plate011,666,Haplotype 1a,
HP_240619B,HP-234,D11,Plate011,3613,Haplotype 1a,
HP_240619B,HP-235,E11,Plate011,3648,NA,
HP_240619B,HP-236,F11,Plate011,3539,NA,
HP_240619B,HP-237,G11,Plate011,3639,NA,
HP_240619B,HP-238,H11,Plate011,3610,Haplotype 1a,
HP_240619B,HP-239,A12,Plate011,727,Haplotype 10,
HP_240619B,HP-240,B12,Plate011,684,Haplotype 1a,
HP_240619B,HP-241,C12,Plate011,688,Haplotype 10,
HP_240619B,HP-242,D12,Plate011,3645,NA,
HP_240619B,HP-243,E12,Plate011,3712,NA,
HP_240619B,HP-244,F12,Plate011,3708,Haplotype 11,
HP_240619B,HP-245,G12,Plate011,3536,Haplotype 1a,
HP_240619B,NA,H12,Plate011,NA,NA,
RAA_241003A,RA0001,A1,Plate016,2220,Haplotype 3,
RAA_241003A,RA0002,B1,Plate016,2194,NA,Fail
RAA_241003A,RA0003,C1,Plate016,2189,Haplotype 1a,
RAA_241003A,RA0004,D1,Plate016,2068,Haplotype 8a,
RAA_241003A,RA0005,E1,Plate016,2185,Haplotype 1a,
RAA_241003A,RA0006,F1,Plate016,2205,Haplotype 1a,
RAA_241003A,RA0007,G1,Plate016,2076,Haplotype 3,
RAA_241003A,RA0008,H1,Plate016,1410,Haplotype 10,
RAA_241003A,RA0009,A2,Plate016,2607,Haplotype 3,
RAA_241003A,RA0010,B2,Plate016,2210,NA,Fail
RAA_241003A,RA0011,C2,Plate016,2186,Haplotype 1a,
RAA_241003A,RA0012,D2,Plate016,2074,NA,Fail
RAA_241003A,RA0013,E2,Plate016,2049,NA,Fail
RAA_241003A,RA0014,F2,Plate016,2213,Haplotype 1a,
RAA_241003A,RA0015,G2,Plate016,2179,NA,Fail
RAA_241003A,RA0016,H2,Plate016,1447,Haplotype 1a,
RAA_241003A,RA0017,A3,Plate016,2065,Haplotype 11,
RAA_241003A,RA0018,B3,Plate016,2057,Haplotype 10,
RAA_241003A,RA0019,C3,Plate016,2215,Haplotype 10,
RAA_241003A,RA0020,D3,Plate016,2192,Haplotype 1a,
RAA_241003A,RA0021,E3,Plate016,2184,Haplotype 1a,
RAA_241003A,RA0022,F3,Plate016,2224,Haplotype 3,
RAA_241003A,RA0023,G3,Plate016,2217,Haplotype 10,
RAA_241003A,RA0024,H3,Plate016,1423,Haplotype 1a,
RAA_241003A,RA0025,A4,Plate016,2080,Haplotype 10,
RAA_241003A,RA0026,B4,Plate016,2219,Haplotype 1a,
RAA_241003A,RA0027,C4,Plate016,2062,Haplotype 3,
RAA_241003A,RA0028,D4,Plate016,2070,Haplotype 1a,
RAA_241003A,RA0029,E4,Plate016,2048,Haplotype 1a,
RAA_241003A,RA0030,F4,Plate016,2067,Haplotype 8a,
RAA_241003A,RA0031,G4,Plate016,2079,Haplotype 5a,
RAA_241003A,RA0032,H4,Plate016,1444,Haplotype 1a,
RAA_241003A,RA0033,A5,Plate016,2176,Haplotype 1a,
RAA_241003A,RA0034,B5,Plate016,2208,Haplotype 1a,
RAA_241003A,RA0035,C5,Plate016,2072,Haplotype 1a,
RAA_241003A,RA0036,D5,Plate016,2188,Haplotype 3,
RAA_241003A,RA0037,E5,Plate016,2055,Haplotype 1a,
RAA_241003A,RA0038,F5,Plate016,2059,Haplotype 10,
RAA_241003A,RA0039,G5,Plate016,2052,NA,Fail
RAA_241003A,RA0040,H5,Plate016,1420,Haplotype 1a,
RAA_241003A,RA0041,A6,Plate016,2198,Haplotype 8a,
RAA_241003A,RA0042,B6,Plate016,2222,Haplotype 3,
RAA_241003A,RA0043,C6,Plate016,2178,Haplotype 8a,
RAA_241003A,RA0044,D6,Plate016,2212,Haplotype 10,
RAA_241003A,RA0045,E6,Plate016,2075,Haplotype 8a,
RAA_241003A,RA0046,F6,Plate016,2182,NA,Fail
RAA_241003A,RA0047,G6,Plate016,2203,Haplotype 8a,
RAA_241003A,RA0048,H6,Plate016,1440,Haplotype 1a,
RAA_241003A,RA0049,A7,Plate016,2196,Haplotype 1a,
RAA_241003A,RA0050,B7,Plate016,2180,Haplotype 5a,
RAA_241003A,RA0051,C7,Plate016,2209,Haplotype 3,
RAA_241003A,RA0052,D7,Plate016,2199,NA,Fail
RAA_241003A,RA0053,E7,Plate016,2069,Haplotype 5a,
RAA_241003A,RA0054,F7,Plate016,2193,Haplotype 8a,
RAA_241003A,RA0055,G7,Plate016,2066,NA,Fail
RAA_241003A,RA0056,H7,Plate016,1427,Haplotype 1a,
RAA_241003A,RA0057,A8,Plate016,2223,Haplotype 3,
RAA_241003A,RA0058,B8,Plate016,2061,Haplotype 1a,
RAA_241003A,RA0059,C8,Plate016,2204,Haplotype 3,
RAA_241003A,RA0060,D8,Plate016,2206,Haplotype 1a,
RAA_241003A,RA0061,E8,Plate016,2177,Haplotype 1a,
RAA_241003A,RA0062,F8,Plate016,2056,Haplotype 1a,
RAA_241003A,RA0063,G8,Plate016,2046,NA,Fail
RAA_241003A,RA0064,H8,Plate016,1411,Haplotype 1a,
RAA_241003A,RA0065,A9,Plate016,2050,Haplotype 1a,
RAA_241003A,RA0066,B9,Plate016,2077,Haplotype 1a,
RAA_241003A,RA0067,C9,Plate016,2054,Haplotype 1a,
RAA_241003A,RA0068,D9,Plate016,2211,Haplotype 3,
RAA_241003A,RA0069,E9,Plate016,2071,Haplotype 1a,
RAA_241003A,RA0070,F9,Plate016,2187,Haplotype 10,
RAA_241003A,RA0071,G9,Plate016,2047,Haplotype 5a,
RAA_241003A,RA0072,H9,Plate016,1394,Haplotype 1a,
RAA_241003A,RA0073,A10,Plate016,2202,Haplotype 1a,
RAA_241003A,RA0074,B10,Plate016,2221,Haplotype 1a,
RAA_241003A,RA0075,C10,Plate016,2195,Haplotype 1a,
RAA_241003A,RA0076,D10,Plate016,2201,NA,Fail
RAA_241003A,RA0077,E10,Plate016,2207,NA,Fail
RAA_241003A,RA0078,F10,Plate016,2191,Haplotype 5a,
RAA_241003A,RA0079,G10,Plate016,1438,Haplotype 10,
RAA_241003A,RA0080,H10,Plate016,1392,Haplotype 3,
RAA_241003A,RA0081,A11,Plate016,2078,Haplotype 3,
RAA_241003A,RA0082,B11,Plate016,2051,Haplotype 11,
RAA_241003A,RA0083,C11,Plate016,2060,Haplotype 1a,
RAA_241003A,RA0084,D11,Plate016,2225,Haplotype 1a,
RAA_241003A,RA0085,E11,Plate016,2183,Haplotype 1a,
RAA_241003A,RA0086,F11,Plate016,2197,Haplotype 1a,
RAA_241003A,RA0087,G11,Plate016,1395,NA,Fail
RAA_241003A,RA0088,H11,Plate016,1391,Haplotype 1a,
RAA_241003A,RA0089,A12,Plate016,2064,Haplotype 1a,
RAA_241003A,RA0090,B12,Plate016,2190,Haplotype 1a,
RAA_241003A,RA0091,C12,Plate016,2058,NA,Fail
RAA_241003A,RA0092,D12,Plate016,2200,NA,Fail
RAA_241003A,RA0093,E12,Plate016,2073,Haplotype 1a,
RAA_241003A,RA0094,F12,Plate016,2214,Haplotype 1a,
RAA_241003A,EMPTY FOR JANET,G12,Plate016,NA,NA,NA
RAA_241003A,RA0095,H12,Plate016,1407,Haplotype 5a,
RAA_241004,RA0096,A1,Plate017,1398,Haplotype 1a,
RAA_241004,RA0097,B1,Plate017,1390,Haplotype 8a,
RAA_241004,RA0098,C1,Plate017,2163,Haplotype 3,
RAA_241004,RA0099,D1,Plate017,2257,NA,Fail
RAA_241004,RA0100,E1,Plate017,2294,Haplotype 1a,
RAA_241004,RA0101,F1,Plate017,2104,Haplotype 3,
RAA_241004,RA0102,G1,Plate017,2808,Haplotype 5a,
RAA_241004,RA0103,H1,Plate017,2333,Haplotype 3,
RAA_241004,RA0104,A2,Plate017,1403,Haplotype 8a,
RAA_241004,RA0105,B2,Plate017,1419,Haplotype 1a,
RAA_241004,RA0106,C2,Plate017,2265,Haplotype 11,
RAA_241004,RA0107,D2,Plate017,2292,Haplotype 1a,
RAA_241004,RA0108,E2,Plate017,2254,NA,Fail
RAA_241004,RA0109,F2,Plate017,2266,Haplotype 1a,
RAA_241004,RA0110,G2,Plate017,2791,NA,Fail
RAA_241004,RA0111,H2,Plate017,2325,Haplotype 10,
RAA_241004,RA0112,A3,Plate017,1429,Haplotype 8a,
RAA_241004,RA0113,B3,Plate017,1453,Haplotype 1a,
RAA_241004,RA0114,C3,Plate017,2316,NA,Fail
RAA_241004,RA0115,D3,Plate017,2283,Haplotype 1a,
RAA_241004,RA0116,E3,Plate017,2103,Haplotype 5a,
RAA_241004,RA0117,F3,Plate017,2102,Haplotype 1a,
RAA_241004,RA0118,G3,Plate017,2794,Haplotype 10,
RAA_241004,RA0119,H3,Plate017,2416,Haplotype 1a,
RAA_241004,RA0120,A4,Plate017,1406,Haplotype 1a,
RAA_241004,RA0121,B4,Plate017,1322,Haplotype 8a,
RAA_241004,RA0122,C4,Plate017,2262,Haplotype 1a,
RAA_241004,RA0123,D4,Plate017,2260,Haplotype 1a,
RAA_241004,RA0124,E4,Plate017,2277,Haplotype 1a,
RAA_241004,RA0125,F4,Plate017,2293,Haplotype 8a,
RAA_241004,RA0126,G4,Plate017,2801,Haplotype 3,
RAA_241004,RA0127,H4,Plate017,2330,Haplotype 8a,
RAA_241004,RA0128,A5,Plate017,1417,Haplotype 10,
RAA_241004,RA0129,B5,Plate017,1443,Haplotype 1a,
RAA_241004,RA0130,C5,Plate017,2282,Haplotype 3,
RAA_241004,RA0131,D5,Plate017,2273,Haplotype 1a,
RAA_241004,RA0132,E5,Plate017,2267,Haplotype 1a,
RAA_241004,RA0133,F5,Plate017,2318,Haplotype 8a,
RAA_241004,RA0134,G5,Plate017,2181,Haplotype 1a,
RAA_241004,RA0135,H5,Plate017,2351,NA,Fail
RAA_241004,RA0136,A6,Plate017,1396,Haplotype 1a,
RAA_241004,RA0137,B6,Plate017,1439,Haplotype 8a,
RAA_241004,RA0138,C6,Plate017,2150,Haplotype 1a,
RAA_241004,RA0139,D6,Plate017,2250,Haplotype 8a,
RAA_241004,RA0140,E6,Plate017,2249,Haplotype 1a,
RAA_241004,RA0141,F6,Plate017,2284,Haplotype 10,
RAA_241004,RA0142,G6,Plate017,2218,NA,Fail
RAA_241004,RA0143,H6,Plate017,2423,Haplotype 1a,
RAA_241004,RA0144,A7,Plate017,1401,Haplotype 1a,
RAA_241004,RA0145,B7,Plate017,1319,Haplotype 11,
RAA_241004,RA0146,C7,Plate017,2100,Haplotype 8a,
RAA_241004,RA0147,D7,Plate017,2306,Haplotype 1a,
RAA_241004,RA0148,E7,Plate017,2320,Haplotype 11,
RAA_241004,RA0149,F7,Plate017,2817,Haplotype 1a,
RAA_241004,RA0150,G7,Plate017,2216,Haplotype 3,
RAA_241004,RA0151,H7,Plate017,2340,Haplotype 1a,
RAA_241004,RA0152,A8,Plate017,1409,Haplotype 10,
RAA_241004,RA0153,B8,Plate017,1400,Haplotype 3,
RAA_241004,RA0154,C8,Plate017,2281,Haplotype 1a,
RAA_241004,RA0155,D8,Plate017,2242,Haplotype 1a,
RAA_241004,RA0156,E8,Plate017,2263,Haplotype 1a,
RAA_241004,RA0157,F8,Plate017,2806,Haplotype 10,
RAA_241004,RA0158,G8,Plate017,2415,Haplotype 1a,
RAA_241004,RA0159,H8,Plate017,2353,Haplotype 3,
RAA_241004,RA0160,A9,Plate017,1325,Haplotype 1a,
RAA_241004,RA0161,B9,Plate017,1433,Haplotype 8a,
RAA_241004,RA0162,C9,Plate017,2264,Haplotype 1a,
RAA_241004,RA0163,D9,Plate017,2271,Haplotype 10,
RAA_241004,RA0164,E9,Plate017,2322,Haplotype 1a,
RAA_241004,RA0165,F9,Plate017,2693,Haplotype 5a,
RAA_241004,RA0166,G9,Plate017,2385,Haplotype 10,
RAA_241004,RA0167,H9,Plate017,2341,Haplotype 3,
RAA_241004,RA0168,A10,Plate017,1432,Haplotype 1a,
RAA_241004,RA0169,B10,Plate017,1449,Haplotype 10,
RAA_241004,RA0170,C10,Plate017,2261,Haplotype 1a,
RAA_241004,RA0171,D10,Plate017,2297,Haplotype 8a,
RAA_241004,RA0172,E10,Plate017,2252,Haplotype 1a,
RAA_241004,RA0173,F10,Plate017,2737,Haplotype 1a,
RAA_241004,RA0174,G10,Plate017,2358,Haplotype 1a,
RAA_241004,RA0175,H10,Plate017,2083,Haplotype 5a,
RAA_241004,RA0176,A11,Plate017,1317,Haplotype 10,
RAA_241004,RA0177,B11,Plate017,2251,Haplotype 8a,
RAA_241004,RA0178,C11,Plate017,2244,Haplotype 1a,
RAA_241004,RA0179,D11,Plate017,2101,Haplotype 1a,
RAA_241004,RA0180,E11,Plate017,2247,Haplotype 1a,
RAA_241004,RA0181,F11,Plate017,2796,Haplotype 3,
RAA_241004,RA0182,G11,Plate017,2347,Haplotype 3,
RAA_241004,RA0183,H11,Plate017,2419,Haplotype 1a,
RAA_241004,EMPTY FOR JANET,A12,Plate017,NA,NA,
RAA_241004,RA0184,B12,Plate017,NA,Haplotype 5a,
RAA_241004,RA0185,C12,Plate017,2280,Haplotype 1a,
RAA_241004,RA0186,D12,Plate017,2298,Haplotype 8a,
RAA_241004,RA0187,E12,Plate017,2310,Haplotype 1a,
RAA_241004,RA0188,F12,Plate017,2793,Haplotype 1a,
RAA_241004,RA0189,G12,Plate017,2349,Haplotype 3,
RAA_241004,RA0190,H12,Plate017,2374,Haplotype 1a,
RAA_241007A,RA0191,A1,Plate012,3540,Haplotype 11,
RAA_241007A,RA0192,B1,Plate012,3635,Haplotype 1a,
RAA_241007A,RA0193,C1,Plate012,3716,Haplotype 10,
RAA_241007A,RA0194,D1,Plate012,3758,Haplotype 1a,
RAA_241007A,RA0195,E1,Plate012,3819,Haplotype 5a,
RAA_241007A,RA0196,F1,Plate012,3876,Haplotype 5a,
RAA_241007A,RA0197,G1,Plate012,3915,Haplotype 1a,
RAA_241007A,RA0198,H1,Plate012,3950,Haplotype 10,
RAA_241007A,RA0199,A2,Plate012,3544,Haplotype 1a,
RAA_241007A,RA0200,B2,Plate012,3642,Haplotype 5a,
RAA_241007A,RA0201,C2,Plate012,3720,Haplotype 1a,
RAA_241007A,RA0202,D2,Plate012,3760,Haplotype 2,
RAA_241007A,RA0203,E2,Plate012,3827,Haplotype 1a,
RAA_241007A,RA0204,F2,Plate012,3882,Haplotype 3,
RAA_241007A,RA0205,G2,Plate012,3916,NA,Fail
RAA_241007A,RA0206,H2,Plate012,491,Haplotype 11,
RAA_241007A,RA0207,A3,Plate012,3545,Haplotype 1a,
RAA_241007A,RA0208,B3,Plate012,3643,Haplotype 1a,
RAA_241007A,RA0209,C3,Plate012,3721,Haplotype 1a,
RAA_241007A,RA0210,D3,Plate012,3763,Haplotype 8a,
RAA_241007A,RA0211,E3,Plate012,3839,Haplotype 1a,
RAA_241007A,RA0212,F3,Plate012,3884,Haplotype 1a,
RAA_241007A,RA0213,G3,Plate012,3918,Haplotype 1a,
RAA_241007A,RA0214,H3,Plate012,492,Haplotype 2,
RAA_241007A,RA0215,A4,Plate012,3547,Haplotype 5a,
RAA_241007A,RA0216,B4,Plate012,3682,Haplotype 5a,
RAA_241007A,RA0217,C4,Plate012,3733,Haplotype 1a,
RAA_241007A,RA0218,D4,Plate012,3764,Haplotype 1a,
RAA_241007A,RA0219,E4,Plate012,3845,Haplotype 3,
RAA_241007A,RA0220,F4,Plate012,3890,Haplotype 1a,
RAA_241007A,RA0221,G4,Plate012,3919,Haplotype 1a,
RAA_241007A,RA0222,H4,Plate012,493,Haplotype 1a,
RAA_241007A,RA0223,A5,Plate012,3548,Haplotype 1a,
RAA_241007A,RA0224,B5,Plate012,3687,Haplotype 8a,
RAA_241007A,RA0225,C5,Plate012,3734,Haplotype 1a,
RAA_241007A,RA0226,D5,Plate012,3770,Haplotype 1a,
RAA_241007A,RA0227,E5,Plate012,3850,Haplotype 1a,
RAA_241007A,RA0228,F5,Plate012,3894,Haplotype 10,
RAA_241007A,RA0229,G5,Plate012,3926,NA,Fail
RAA_241007A,RA0230,H5,Plate012,494,Haplotype 1a,
RAA_241007A,RA0231,A6,Plate012,3595,Haplotype 1a,
RAA_241007A,RA0232,B6,Plate012,3690,Haplotype 8a,
RAA_241007A,RA0233,C6,Plate012,3740,NA,Fail
RAA_241007A,RA0234,D6,Plate012,3787,Haplotype 1a,
RAA_241007A,RA0235,E6,Plate012,3851,Haplotype 8a,
RAA_241007A,RA0236,F6,Plate012,3901,Haplotype 11,
RAA_241007A,RA0237,G6,Plate012,3939,Haplotype 8a,
RAA_241007A,RA0238,H6,Plate012,495,Haplotype 1a,
RAA_241007A,RA0239,A7,Plate012,3597,Haplotype 8a,
RAA_241007A,RA0240,B7,Plate012,3691,Haplotype 1a,
RAA_241007A,RA0241,C7,Plate012,3742,Haplotype 1a,
RAA_241007A,RA0242,D7,Plate012,3793,Haplotype 1a,
RAA_241007A,RA0243,E7,Plate012,3856,Haplotype 1a,
RAA_241007A,RA0244,F7,Plate012,3902,Haplotype 2,
RAA_241007A,RA0245,G7,Plate012,3941,NA,Fail
RAA_241007A,RA0246,H7,Plate012,496,Haplotype 11,
RAA_241007A,RA0247,A8,Plate012,3600,Haplotype 1a,
RAA_241007A,RA0248,B8,Plate012,3696,Haplotype 1a,
RAA_241007A,RA0249,C8,Plate012,3747,Haplotype 1a,
RAA_241007A,RA0250,D8,Plate012,3805,Haplotype 2,
RAA_241007A,RA0251,E8,Plate012,3858,Haplotype 3,
RAA_241007A,RA0252,F8,Plate012,3903,Haplotype 1a,
RAA_241007A,RA0253,G8,Plate012,3942,Haplotype 1a,
RAA_241007A,RA0254,H8,Plate012,497,Haplotype 1a,
RAA_241007A,RA0255,A9,Plate012,3624,Haplotype 1a,
RAA_241007A,RA0256,B9,Plate012,3697,Haplotype 5a,
RAA_241007A,RA0257,C9,Plate012,3748,Haplotype 5a,
RAA_241007A,RA0258,D9,Plate012,3808,Haplotype 1a,
RAA_241007A,RA0259,E9,Plate012,3860,Haplotype 1a,
RAA_241007A,RA0260,F9,Plate012,3904,Haplotype 1a,
RAA_241007A,RA0261,G9,Plate012,3944,Haplotype 11,
RAA_241007A,RA0262,H9,Plate012,498,Haplotype 8a,
RAA_241007A,RA0263,A10,Plate012,3631,Haplotype 5a,
RAA_241007A,RA0264,B10,Plate012,3699,Haplotype 1a,
RAA_241007A,RA0265,C10,Plate012,3751,Haplotype 1a,
RAA_241007A,RA0266,D10,Plate012,3809,Haplotype 1a,
RAA_241007A,RA0267,E10,Plate012,3862,Haplotype 1a,
RAA_241007A,RA0268,F10,Plate012,3906,Haplotype 8a,
RAA_241007A,RA0269,G10,Plate012,3946,NA,Fail
RAA_241007A,RA0270,H10,Plate012,499,Haplotype 8a,
RAA_241007A,RA0271,A11,Plate012,3633,Haplotype 1a,
RAA_241007A,RA0272,B11,Plate012,3709,Haplotype 1a,
RAA_241007A,RA0273,C11,Plate012,3754,Haplotype 11,
RAA_241007A,RA0274,D11,Plate012,3810,Haplotype 3,
RAA_241007A,RA0275,E11,Plate012,3872,Haplotype 1a,
RAA_241007A,RA0276,F11,Plate012,3908,Haplotype 1a,
RAA_241007A,RA0277,G11,Plate012,3948,Haplotype 5a,
RAA_241007A,RA0278,H11,Plate012,500,Haplotype 11,
RAA_241007A,EMPTY FOR JANET,A12,Plate012,NA,NA,
RAA_241007A,RA0279,B12,Plate012,3711,Haplotype 1a,
RAA_241007A,RA0280,C12,Plate012,3755,Haplotype 1a,
RAA_241007A,RA0281,D12,Plate012,3818,Haplotype 1a,
RAA_241007A,RA0282,E12,Plate012,3874,Haplotype 1a,
RAA_241007A,RA0283,F12,Plate012,3914,Haplotype 1a,
RAA_241007A,RA0284,G12,Plate012,3949,Haplotype 1a,
RAA_241007A,RA0285,H12,Plate012,502,Haplotype 1a,
RAA_241007B,RA0286,A1,Plate013,3123,Haplotype 1a,
RAA_241007B,RA0287,B1,Plate013,3541,Haplotype 10,
RAA_241007B,RA0288,C1,Plate013,3844,Haplotype 3,
RAA_241007B,RA0289,D1,Plate013,642,Haplotype 1a,
RAA_241007B,RA0290,E1,Plate013,587,Haplotype 10,
RAA_241007B,RA0291,F1,Plate013,486,Haplotype 8a,
RAA_241007B,RA0292,G1,Plate013,627,Haplotype 5a,
RAA_241007B,RA0293,H1,Plate013,548,Haplotype 11,
RAA_241007B,RA0294,A2,Plate013,3713,Haplotype 1a,
RAA_241007B,RA0295,B2,Plate013,3719,Haplotype 1a,
RAA_241007B,RA0296,C2,Plate013,3849,Haplotype 8a,
RAA_241007B,RA0297,D2,Plate013,640,Haplotype 1a,
RAA_241007B,RA0298,E2,Plate013,586,Haplotype 1a,
RAA_241007B,RA0299,F2,Plate013,475,Haplotype 1a,
RAA_241007B,RA0300,G2,Plate013,626,NA,Fail
RAA_241007B,RA0301,H2,Plate013,539,Haplotype 1a,
RAA_241007B,RA0302,A3,Plate013,3531,Haplotype 1a,
RAA_241007B,RA0303,B3,Plate013,3558,Haplotype 1a,
RAA_241007B,RA0304,C3,Plate013,3834,Haplotype 1a,
RAA_241007B,RA0305,D3,Plate013,639,Haplotype 3,
RAA_241007B,RA0306,E3,Plate013,585,Haplotype 1a,
RAA_241007B,RA0307,F3,Plate013,474,Haplotype 8a,
RAA_241007B,RA0308,G3,Plate013,620,Haplotype 2,
RAA_241007B,RA0309,H3,Plate013,533,Haplotype 1a,
RAA_241007B,RA0310,A4,Plate013,3553,Haplotype 1a,
RAA_241007B,RA0311,B4,Plate013,3622,Haplotype 1a,
RAA_241007B,RA0312,C4,Plate013,3769,Haplotype 1a,
RAA_241007B,RA0313,D4,Plate013,637,Haplotype 1a,
RAA_241007B,RA0314,E4,Plate013,536,Haplotype 1a,
RAA_241007B,RA0315,F4,Plate013,455,Haplotype 1a,
RAA_241007B,RA0316,G4,Plate013,618,Haplotype 10,
RAA_241007B,RA0317,H4,Plate013,532,Haplotype 1a,
RAA_241007B,RA0318,A5,Plate013,3728,Haplotype 1a,
RAA_241007B,RA0319,B5,Plate013,3626,Haplotype 1a,
RAA_241007B,RA0320,C5,Plate013,3685,Haplotype 1a,
RAA_241007B,RA0321,D5,Plate013,636,Haplotype 1a,
RAA_241007B,RA0322,E5,Plate013,530,Haplotype 1a,
RAA_241007B,RA0323,F5,Plate013,482,Haplotype 1a,
RAA_241007B,RA0324,G5,Plate013,612,NA,Fail
RAA_241007B,RA0325,H5,Plate013,531,Haplotype 1a,
RAA_241007B,RA0326,A6,Plate013,3621,Haplotype 1a,
RAA_241007B,RA0327,B6,Plate013,3867,NA,Fail
RAA_241007B,RA0328,C6,Plate013,3683,NA,Fail
RAA_241007B,RA0329,D6,Plate013,635,Haplotype 10,
RAA_241007B,RA0330,E6,Plate013,529,Haplotype 3,
RAA_241007B,RA0331,F6,Plate013,646,Haplotype 10,
RAA_241007B,RA0332,G6,Plate013,594,Haplotype 11,
RAA_241007B,RA0333,H6,Plate013,517,Haplotype 1a,
RAA_241007B,RA0334,A7,Plate013,3732,Haplotype 1a,
RAA_241007B,RA0335,B7,Plate013,3888,Haplotype 3,
RAA_241007B,RA0336,C7,Plate013,650,Haplotype 1a,
RAA_241007B,RA0337,D7,Plate013,634,Haplotype 1a,
RAA_241007B,RA0338,E7,Plate013,514,Haplotype 10,
RAA_241007B,RA0339,F7,Plate013,644,Haplotype 1a,
RAA_241007B,RA0340,G7,Plate013,593,NA,Fail
RAA_241007B,RA0341,H7,Plate013,516,Haplotype 11,
RAA_241007B,RA0342,A8,Plate013,3628,Haplotype 1a,
RAA_241007B,RA0343,B8,Plate013,3871,Haplotype 1a,
RAA_241007B,RA0344,C8,Plate013,649,Haplotype 1a,
RAA_241007B,RA0345,D8,Plate013,633,Haplotype 5a,
RAA_241007B,RA0346,E8,Plate013,513,Haplotype 3,
RAA_241007B,RA0347,F8,Plate013,641,Haplotype 1a,
RAA_241007B,RA0348,G8,Plate013,591,Haplotype 11,
RAA_241007B,RA0349,H8,Plate013,512,Haplotype 1a,
RAA_241007B,RA0350,A9,Plate013,3537,Haplotype 1a,
RAA_241007B,RA0351,B9,Plate013,3759,Haplotype 1a,
RAA_241007B,RA0352,C9,Plate013,648,Haplotype 10,
RAA_241007B,RA0353,D9,Plate013,631,Haplotype 3,
RAA_241007B,RA0354,E9,Plate013,508,Haplotype 3,
RAA_241007B,RA0355,F9,Plate013,638,Haplotype 10,
RAA_241007B,RA0356,G9,Plate013,589,Haplotype 8a,
RAA_241007B,RA0357,H9,Plate013,511,Haplotype 1a,
RAA_241007B,RA0358,A10,Plate013,3706,Haplotype 1a,
RAA_241007B,RA0359,B10,Plate013,3881,Haplotype 1a,
RAA_241007B,RA0360,C10,Plate013,647,Haplotype 10,
RAA_241007B,RA0361,D10,Plate013,630,Haplotype 10,
RAA_241007B,RA0362,E10,Plate013,505,Haplotype 1a,
RAA_241007B,RA0363,F10,Plate013,632,Haplotype 1a,
RAA_241007B,RA0364,G10,Plate013,588,NA,Fail
RAA_241007B,RA0365,H10,Plate013,510,Haplotype 3,
RAA_241007B,RA0366,A11,Plate013,3727,Haplotype 8a,
RAA_241007B,RA0367,B11,Plate013,3843,Haplotype 1a,
RAA_241007B,RA0368,C11,Plate013,645,Haplotype 1a,
RAA_241007B,RA0369,D11,Plate013,613,Haplotype 1a,
RAA_241007B,RA0370,E11,Plate013,480,Haplotype 1a,
RAA_241007B,RA0371,F11,Plate013,629,Haplotype 10,
RAA_241007B,RA0372,G11,Plate013,558,Haplotype 10,
RAA_241007B,RA0373,H11,Plate013,506,Haplotype 10,
RAA_241007B,EMPTY FOR JANET,A12,Plate013,NA,NA,
RAA_241007B,RA0374,B12,Plate013,3703,Haplotype 1a,
RAA_241007B,RA0375,C12,Plate013,643,Haplotype 10,
RAA_241007B,RA0376,D12,Plate013,610,Haplotype 1a,
RAA_241007B,RA0377,E12,Plate013,487,Haplotype 1a,
RAA_241007B,RA0378,F12,Plate013,628,Haplotype 5a,
RAA_241007B,RA0379,G12,Plate013,555,Haplotype 8a,
RAA_241007B,RA0380,H12,Plate013,504,Haplotype 1a,
RAA_241008B,RA0381,A1,Plate014,3601,Haplotype 1a,
RAA_241008B,RA0382,B1,Plate014,3640,Haplotype 8a,
RAA_241008B,RA0383,C1,Plate014,2516,Haplotype 5a,
RAA_241008B,RA0384,D1,Plate014,2531,Haplotype 3,
RAA_241008B,RA0385,E1,Plate014,3689,Haplotype 10,
RAA_241008B,RA0386,F1,Plate014,3885,Haplotype 1a,
RAA_241008B,RA0387,G1,Plate014,3749,Haplotype 8a,
RAA_241008B,RA0388,H1,Plate014,3694,NA,Fail
RAA_241008B,RA0389,A2,Plate014,3534,Haplotype 8a,
RAA_241008B,RA0390,B2,Plate014,3591,Haplotype 1a,
RAA_241008B,RA0391,C2,Plate014,2549,Haplotype 1a,
RAA_241008B,RA0392,D2,Plate014,2526,Haplotype 3,
RAA_241008B,RA0393,E2,Plate014,3879,Haplotype 1a,
RAA_241008B,RA0394,F2,Plate014,3692,Haplotype 1a,
RAA_241008B,RA0395,G2,Plate014,3753,NA,Fail
RAA_241008B,RA0396,H2,Plate014,3880,Haplotype 1a,
RAA_241008B,RA0397,A3,Plate014,3630,Haplotype 1a,
RAA_241008B,RA0398,B3,Plate014,3616,Haplotype 8a,
RAA_241008B,RA0399,C3,Plate014,2522,Haplotype 3,
RAA_241008B,RA0400,D3,Plate014,2521,Haplotype 3,
RAA_241008B,RA0401,E3,Plate014,3702,Haplotype 10,
RAA_241008B,RA0402,F3,Plate014,3869,Haplotype 1a,
RAA_241008B,RA0403,G3,Plate014,3848,Haplotype 1a,
RAA_241008B,RA0404,H3,Plate014,3852,Haplotype 1a,
RAA_241008B,RA0405,A4,Plate014,3608,Haplotype 8a,
RAA_241008B,RA0406,B4,Plate014,3714,Haplotype 3,
RAA_241008B,RA0407,C4,Plate014,2548,Haplotype 10,
RAA_241008B,RA0408,D4,Plate014,2513,Haplotype 1a,
RAA_241008B,RA0409,E4,Plate014,3745,Haplotype 1a,
RAA_241008B,RA0410,F4,Plate014,3836,Haplotype 1a,
RAA_241008B,RA0411,G4,Plate014,3700,Haplotype 1a,
RAA_241008B,RA0412,H4,Plate014,3762,Haplotype 8a,
RAA_241008B,RA0413,A5,Plate014,3715,Haplotype 1a,
RAA_241008B,RA0414,B5,Plate014,3646,Haplotype 3,
RAA_241008B,RA0415,C5,Plate014,2510,Haplotype 1a,
RAA_241008B,RA0416,D5,Plate014,2515,Haplotype 5a,
RAA_241008B,RA0417,E5,Plate014,3761,Haplotype 1a,
RAA_241008B,RA0418,F5,Plate014,3746,Haplotype 1a,
RAA_241008B,RA0419,G5,Plate014,3833,Haplotype 1a,
RAA_241008B,RA0420,H5,Plate014,3857,Haplotype 8a,
RAA_241008B,RA0421,A6,Plate014,3641,Haplotype 1a,
RAA_241008B,RA0422,B6,Plate014,3551,Haplotype 11,
RAA_241008B,RA0423,C6,Plate014,2518,Haplotype 5a,
RAA_241008B,RA0424,D6,Plate014,2542,Haplotype 1a,
RAA_241008B,RA0425,E6,Plate014,3846,Haplotype 1a,
RAA_241008B,RA0426,F6,Plate014,3693,Haplotype 10,
RAA_241008B,RA0427,G6,Plate014,3865,Haplotype 1a,
RAA_241008B,RA0428,H6,Plate014,3701,Haplotype 1a,
RAA_241008B,RA0429,A7,Plate014,3644,Haplotype 2,
RAA_241008B,RA0430,B7,Plate014,2543,Haplotype 3,
RAA_241008B,RA0431,C7,Plate014,2539,Haplotype 3,
RAA_241008B,RA0432,D7,Plate014,2507,Haplotype 1a,
RAA_241008B,RA0433,E7,Plate014,3868,Haplotype 3,
RAA_241008B,RA0434,F7,Plate014,3737,Haplotype 1a,
RAA_241008B,RA0435,G7,Plate014,3875,Haplotype 10,
RAA_241008B,RA0436,H7,Plate014,3744,Haplotype 1a,
RAA_241008B,RA0437,A8,Plate014,3609,Haplotype 1a,
RAA_241008B,RA0438,B8,Plate014,2544,Haplotype 8a,
RAA_241008B,RA0439,C8,Plate014,2525,Haplotype 10,
RAA_241008B,RA0440,D8,Plate014,2512,Haplotype 1a,
RAA_241008B,RA0441,E8,Plate014,3864,Haplotype 1a,
RAA_241008B,RA0442,F8,Plate014,3698,Haplotype 1a,
RAA_241008B,RA0443,G8,Plate014,3735,Haplotype 1a,
RAA_241008B,RA0444,H8,Plate014,3681,Haplotype 10,
RAA_241008B,RA0445,A9,Plate014,3607,Haplotype 3,
RAA_241008B,RA0446,B9,Plate014,2523,Haplotype 3,
RAA_241008B,RA0447,C9,Plate014,2547,Haplotype 1a,
RAA_241008B,RA0448,D9,Plate014,2541,Haplotype 10,
RAA_241008B,RA0449,E9,Plate014,3873,Haplotype 1a,
RAA_241008B,RA0450,F9,Plate014,3765,Haplotype 1a,
RAA_241008B,RA0451,G9,Plate014,3750,Haplotype 1a,
RAA_241008B,RA0452,H9,Plate014,3695,Haplotype 10,
RAA_241008B,RA0453,A10,Plate014,3649,Haplotype 10,
RAA_241008B,RA0454,B10,Plate014,2527,NA,Fail
RAA_241008B,RA0455,C10,Plate014,2524,Haplotype 1a,
RAA_241008B,RA0456,D10,Plate014,2551,Haplotype 1a,
RAA_241008B,RA0457,E10,Plate014,3877,Haplotype 1a,
RAA_241008B,RA0458,F10,Plate014,3768,Haplotype 5a,
RAA_241008B,RA0459,G10,Plate014,3704,Haplotype 10,
RAA_241008B,RA0460,H10,Plate014,3686,Haplotype 1a,
RAA_241008B,RA0461,A11,Plate014,3729,Haplotype 1a,
RAA_241008B,RA0462,B11,Plate014,2550,Haplotype 1a,
RAA_241008B,RA0463,C11,Plate014,2519,Haplotype 10,
RAA_241008B,RA0464,D11,Plate014,2511,Haplotype 1a,
RAA_241008B,RA0465,E11,Plate014,3840,Haplotype 8a,
RAA_241008B,RA0466,F11,Plate014,3767,Haplotype 1a,
RAA_241008B,RA0467,G11,Plate014,3705,Haplotype 10,
RAA_241008B,RA0468,H11,Plate014,3736,Haplotype 1a,
RAA_241008B,EMPTY FOR JANET,A12,Plate014,NA,NA,
RAA_241008B,RA0469,B12,Plate014,2514,NA,Fail
RAA_241008B,RA0470,C12,Plate014,2546,Haplotype 1a,
RAA_241008B,RA0471,D12,Plate014,3688,Haplotype 1a,
RAA_241008B,RA0472,E12,Plate014,3863,Haplotype 1a,
RAA_241008B,RA0473,F12,Plate014,3756,NA,Fail
RAA_241008B,RA0474,G12,Plate014,3861,Haplotype 3,
RAA_241008B,RA0475,H12,Plate014,3772,Haplotype 1a,
RAA_241009,RA0476,A1,Plate015,3854,Haplotype 1a,
RAA_241009,RA0477,B1,Plate015,3796,Haplotype 3,
RAA_241009,RA0478,C1,Plate015,3834,Haplotype 1a,
RAA_241009,RA0479,D1,Plate015,3775,Haplotype 8a,
RAA_241009,RA0480,E1,Plate015,3812,Haplotype 1a,
RAA_241009,RA0481,F1,Plate015,3945,Haplotype 1a,
RAA_241009,RA0482,G1,Plate015,3792,Haplotype 3,
RAA_241009,RA0483,H1,Plate015,3824,Haplotype 1a,
RAA_241009,RA0484,A2,Plate015,3766,Haplotype 1a,
RAA_241009,RA0485,B2,Plate015,3743,Haplotype 1a,
RAA_241009,RA0486,C2,Plate015,3739,Haplotype 1a,
RAA_241009,RA0487,D2,Plate015,3807,Haplotype 1a,
RAA_241009,RA0488,E2,Plate015,3803,Haplotype 1a,
RAA_241009,RA0489,F2,Plate015,3943,Haplotype 1a,
RAA_241009,RA0490,G2,Plate015,3773,Haplotype 8a,
RAA_241009,RA0491,H2,Plate015,3778,NA,Fail
RAA_241009,RA0492,A3,Plate015,3841,Haplotype 1a,
RAA_241009,RA0493,B3,Plate015,3853,Haplotype 8a,
RAA_241009,RA0494,C3,Plate015,3738,Haplotype 1a,
RAA_241009,RA0495,D3,Plate015,3815,Haplotype 3,
RAA_241009,RA0496,E3,Plate015,3893,Haplotype 10,
RAA_241009,RA0497,F3,Plate015,3932,Haplotype 11,
RAA_241009,RA0498,G3,Plate015,3794,Haplotype 8a,
RAA_241009,RA0499,H3,Plate015,3788,Haplotype 1a,
RAA_241009,RA0500,A4,Plate015,3842,Haplotype 3,
RAA_241009,RA0501,B4,Plate015,3847,Haplotype 1a,
RAA_241009,RA0502,C4,Plate015,3784,Haplotype 1a,
RAA_241009,RA0503,D4,Plate015,3817,Haplotype 1a,
RAA_241009,RA0504,E4,Plate015,3783,Haplotype 1a,
RAA_241009,RA0505,F4,Plate015,3947,Haplotype 10,
RAA_241009,RA0506,G4,Plate015,3828,Haplotype 11,
RAA_241009,RA0507,H4,Plate015,3786,Haplotype 1a,
RAA_241009,RA0508,A5,Plate015,3886,Haplotype 1a,
RAA_241009,RA0509,B5,Plate015,3757,Haplotype 1a,
RAA_241009,RA0510,C5,Plate015,3887,Haplotype 1a,
RAA_241009,RA0511,D5,Plate015,3892,Haplotype 10,
RAA_241009,RA0512,E5,Plate015,3799,Haplotype 3,
RAA_241009,RA0513,F5,Plate015,3912,Haplotype 1a,
RAA_241009,RA0514,G5,Plate015,3791,Haplotype 3,
RAA_241009,RA0515,H5,Plate015,3822,Haplotype 3,
RAA_241009,RA0516,A6,Plate015,3878,Haplotype 8a,
RAA_241009,RA0517,B6,Plate015,3741,Haplotype 1a,
RAA_241009,RA0518,C6,Plate015,3891,Haplotype 5a,
RAA_241009,RA0519,D6,Plate015,3823,Haplotype 1a,
RAA_241009,RA0520,E6,Plate015,3774,Haplotype 1a,
RAA_241009,RA0521,F6,Plate015,3935,Haplotype 1a,
RAA_241009,RA0522,G6,Plate015,3776,Haplotype 1a,
RAA_241009,RA0523,H6,Plate015,3937,Haplotype 1a,
RAA_241009,RA0524,A7,Plate015,3752,Haplotype 1a,
RAA_241009,RA0525,B7,Plate015,3795,Haplotype 1a,
RAA_241009,RA0526,C7,Plate015,3884,Haplotype 1a,
RAA_241009,RA0527,D7,Plate015,3896,Haplotype 3,
RAA_241009,RA0528,E7,Plate015,3820,Haplotype 8a,
RAA_241009,RA0529,F7,Plate015,3911,Haplotype 8a,
RAA_241009,RA0530,G7,Plate015,3831,Haplotype 3,
RAA_241009,RA0531,H7,Plate015,3790,Haplotype 3,
RAA_241009,RA0532,A8,Plate015,3859,Haplotype 1a,
RAA_241009,RA0533,B8,Plate015,3883,Haplotype 2,
RAA_241009,RA0534,C8,Plate015,3830,Haplotype 1a,
RAA_241009,RA0535,D8,Plate015,3811,Haplotype 1a,
RAA_241009,RA0536,E8,Plate015,3905,Haplotype 10,
RAA_241009,RA0537,F8,Plate015,3909,Haplotype 8a,
RAA_241009,RA0538,G8,Plate015,3806,Haplotype 1a,
RAA_241009,RA0539,H8,Plate015,3813,NA,Fail
RAA_241009,RA0540,A9,Plate015,3855,Haplotype 1a,
RAA_241009,RA0541,B9,Plate015,3866,Haplotype 1a,
RAA_241009,RA0542,C9,Plate015,3895,Haplotype 1a,
RAA_241009,RA0543,D9,Plate015,3816,Haplotype 1a,
RAA_241009,RA0544,E9,Plate015,3927,Haplotype 11,
RAA_241009,RA0545,F9,Plate015,3938,Haplotype 1a,
RAA_241009,RA0546,G9,Plate015,3814,Haplotype 8a,
RAA_241009,RA0547,H9,Plate015,3825,Haplotype 8a,
RAA_241009,RA0548,A10,Plate015,3835,Haplotype 1a,
RAA_241009,RA0549,B10,Plate015,3837,Haplotype 1a,
RAA_241009,RA0550,C10,Plate015,3797,Haplotype 1a,
RAA_241009,RA0551,D10,Plate015,3829,Haplotype 1a,
RAA_241009,RA0552,E10,Plate015,3934,Haplotype 1a,
RAA_241009,RA0553,F10,Plate015,3897,Haplotype 1a,
RAA_241009,RA0554,G10,Plate015,3777,Haplotype 1a,
RAA_241009,RA0555,H10,Plate015,3802,Haplotype 3,
RAA_241009,RA0556,A11,Plate015,3771,Haplotype 1a,
RAA_241009,RA0557,B11,Plate015,3838,Haplotype 3,
RAA_241009,RA0558,C11,Plate015,3832,Haplotype 3,
RAA_241009,RA0559,D11,Plate015,3800,Haplotype 1a,
RAA_241009,RA0560,E11,Plate015,3917,Haplotype 1a,
RAA_241009,RA0561,F11,Plate015,3781,Haplotype 3,
RAA_241009,RA0562,G11,Plate015,3801,Haplotype 3,
RAA_241009,RA0563,H11,Plate015,3782,Haplotype 1a,
RAA_241009,RA0564,A12,Plate015,3870,Haplotype 1a,
RAA_241009,RA0565,B12,Plate015,3889,Haplotype 1a,
RAA_241009,RA0566,C12,Plate015,3785,Haplotype 1a,
RAA_241009,RA0567,D12,Plate015,3821,Haplotype 3,
RAA_241009,RA0568,E12,Plate015,3913,Haplotype 1a,
RAA_241009,RA0569,F12,Plate015,3798,Haplotype 1a,
RAA_241009,RA0570,G12,Plate015,3780,NA,Fail
RAA_241009,EMPTY FOR JANET,H12,Plate015,NA,NA,
RAA_241011A,RA0571,A1,Plate018,2418,NA,Fail
RAA_241011A,RA0572,B1,Plate018,2350,NA,Fail
RAA_241011A,RA0573,C1,Plate018,2421,Haplotype 3,
RAA_241011A,RA0574,D1,Plate018,2319,Haplotype 1a,
RAA_241011A,RA0575,E1,Plate018,2259,Haplotype 1a,
RAA_241011A,RA0576,F1,Plate018,2258,NA,Fail
RAA_241011A,RA0577,G1,Plate018,2243,NA,Fail
RAA_241011A,RA0578,H1,Plate018,2300,Haplotype 1a,
RAA_241011A,RA0579,A2,Plate018,2352,Haplotype 1a,
RAA_241011A,RA0580,B2,Plate018,2369,NA,Fail
RAA_241011A,RA0581,C2,Plate018,2365,Haplotype 8a,
RAA_241011A,RA0582,D2,Plate018,2303,Haplotype 1a,
RAA_241011A,RA0583,E2,Plate018,2256,Haplotype 1a,
RAA_241011A,RA0584,F2,Plate018,2253,NA,Fail
RAA_241011A,RA0585,G2,Plate018,2269,NA,Fail
RAA_241011A,RA0586,H2,Plate018,2301,Haplotype 1a,
RAA_241011A,RA0587,A3,Plate018,2342,Haplotype 10,
RAA_241011A,RA0588,B3,Plate018,2451,Haplotype 11,
RAA_241011A,RA0589,C3,Plate018,2429,Haplotype 1a,
RAA_241011A,RA0590,D3,Plate018,2290,Haplotype 1a,
RAA_241011A,RA0591,E3,Plate018,2308,Haplotype 8a,
RAA_241011A,RA0592,F3,Plate018,2295,Haplotype 5a,
RAA_241011A,RA0593,G3,Plate018,2272,Haplotype 1a,
RAA_241011A,RA0594,H3,Plate018,2278,Haplotype 1a,
RAA_241011A,RA0595,A4,Plate018,2375,Haplotype 8a,
RAA_241011A,RA0596,B4,Plate018,2370,Haplotype 10,
RAA_241011A,RA0597,C4,Plate018,2383,Haplotype 1a,
RAA_241011A,RA0598,D4,Plate018,2246,Haplotype 1a,
RAA_241011A,RA0599,E4,Plate018,2240,Haplotype 1a,
RAA_241011A,RA0600,F4,Plate018,2276,Haplotype 1a,
RAA_241011A,RA0601,G4,Plate018,2286,Haplotype 1a,
RAA_241011A,RA0602,H4,Plate018,2130,Haplotype 1a,
RAA_241011A,RA0603,A5,Plate018,2344,NA,Fail
RAA_241011A,RA0604,B5,Plate018,2360,Haplotype 1a,
RAA_241011A,RA0605,C5,Plate018,2367,Haplotype 1a,
RAA_241011A,RA0606,D5,Plate018,2291,Haplotype 1a,
RAA_241011A,RA0607,E5,Plate018,2315,Haplotype 5a,
RAA_241011A,RA0608,F5,Plate018,2275,NA,Fail
RAA_241011A,RA0609,G5,Plate018,2255,NA,Fail
RAA_241011A,RA0610,H5,Plate018,2127,Haplotype 3,
RAA_241011A,RA0611,A6,Plate018,2329,Haplotype 8a,
RAA_241011A,RA0612,B6,Plate018,2334,Haplotype 10,
RAA_241011A,RA0613,C6,Plate018,2337,Haplotype 1a,
RAA_241011A,RA0614,D6,Plate018,2317,Haplotype 10,
RAA_241011A,RA0615,E6,Plate018,2169,Haplotype 5a,
RAA_241011A,RA0616,F6,Plate018,2302,Haplotype 1a,
RAA_241011A,RA0617,G6,Plate018,2237,Haplotype 1a,
RAA_241011A,RA0618,H6,Plate018,2154,Haplotype 11,
RAA_241011A,RA0619,A7,Plate018,2453,Haplotype 1a,
RAA_241011A,RA0620,B7,Plate018,2424,Haplotype 1a,
RAA_241011A,RA0621,C7,Plate018,2378,Haplotype 1a,
RAA_241011A,RA0622,D7,Plate018,2299,Haplotype 1a,
RAA_241011A,RA0623,E7,Plate018,2309,Haplotype 1a,
RAA_241011A,RA0624,F7,Plate018,2248,Haplotype 1a,
RAA_241011A,RA0625,G7,Plate018,2314,Haplotype 5a,
RAA_241011A,RA0626,H7,Plate018,2140,Haplotype 1a,
RAA_241011A,RA0627,A8,Plate018,2454,Haplotype 1a,
RAA_241011A,RA0628,B8,Plate018,2422,Haplotype 8a,
RAA_241011A,RA0629,C8,Plate018,2371,Haplotype 1a,
RAA_241011A,RA0630,D8,Plate018,2324,Haplotype 1a,
RAA_241011A,RA0631,E8,Plate018,2285,Haplotype 1a,
RAA_241011A,RA0632,F8,Plate018,2245,NA,Fail
RAA_241011A,RA0633,G8,Plate018,2287,Haplotype 1a,
RAA_241011A,RA0634,H8,Plate018,2115,Haplotype 1a,
RAA_241011A,RA0635,A9,Plate018,2357,Haplotype 1a,
RAA_241011A,RA0636,B9,Plate018,2414,Haplotype 1a,
RAA_241011A,RA0637,C9,Plate018,2328,Haplotype 1a,
RAA_241011A,RA0638,D9,Plate018,2168,Haplotype 1a,
RAA_241011A,RA0639,E9,Plate018,2279,Haplotype 1a,
RAA_241011A,RA0640,F9,Plate018,2323,Haplotype 1a,
RAA_241011A,RA0641,G9,Plate018,2288,Haplotype 1a,
RAA_241011A,RA0642,H9,Plate018,2147,Haplotype 1a,
RAA_241011A,RA0643,A10,Plate018,2354,Haplotype 8a,
RAA_241011A,RA0644,B10,Plate018,2336,Haplotype 1a,
RAA_241011A,RA0645,C10,Plate018,2400,Haplotype 1a,
RAA_241011A,RA0646,D10,Plate018,2321,Haplotype 1a,
RAA_241011A,RA0647,E10,Plate018,2274,Haplotype 1a,
RAA_241011A,RA0648,F10,Plate018,2312,Haplotype 8a,
RAA_241011A,RA0649,G10,Plate018,2241,Haplotype 1a,
RAA_241011A,RA0650,H10,Plate018,2141,Haplotype 8a,
RAA_241011A,RA0651,A11,Plate018,2082,Haplotype 1a,
RAA_241011A,RA0652,B11,Plate018,2443,Haplotype 10,
RAA_241011A,RA0653,C11,Plate018,2373,Haplotype 10,
RAA_241011A,RA0654,D11,Plate018,2296,Haplotype 5a,
RAA_241011A,RA0655,E11,Plate018,2311,Haplotype 11,
RAA_241011A,RA0656,F11,Plate018,2304,Haplotype 11,
RAA_241011A,RA0657,G11,Plate018,2305,NA,Fail
RAA_241011A,RA0658,H11,Plate018,2155,Haplotype 10,
RAA_241011A,RA0659,A12,Plate018,2393,Haplotype 1a,
RAA_241011A,RA0660,B12,Plate018,2343,Haplotype 1a,
RAA_241011A,RA0661,C12,Plate018,2413,Haplotype 1a,
RAA_241011A,RA0662,D12,Plate018,2307,Haplotype 5a,
RAA_241011A,EMPTY FOR JANET,E12,Plate018,2313,NA,
RAA_241011A,RA0663,F12,Plate018,2268,NA,Fail
RAA_241011A,RA0664,G12,Plate018,2289,Haplotype 1a,
RAA_241011A,RA0665,H12,Plate018,2170,Haplotype 1a,
RAA_241011B,RA0666,A1,Plate019,1448,Haplotype 10,
RAA_241011B,RA0667,B1,Plate019,1442,Haplotype 1a,
RAA_241011B,RA0668,C1,Plate019,1418,Haplotype 1a,
RAA_241011B,RA0669,D1,Plate019,1445,Haplotype 1a,
RAA_241011B,RA0670,E1,Plate019,2039,Haplotype 10,
RAA_241011B,RA0671,F1,Plate019,2030,Haplotype 1a,
RAA_241011B,RA0672,G1,Plate019,2032,Haplotype 1a,
RAA_241011B,RA0673,H1,Plate019,2135,Haplotype 1a,
RAA_241011B,RA0674,A2,Plate019,1408,Haplotype 10,
RAA_241011B,RA0675,B2,Plate019,1414,Haplotype 10,
RAA_241011B,RA0676,C2,Plate019,1389,Haplotype 5a,
RAA_241011B,RA0677,D2,Plate019,1405,Haplotype 1a,
RAA_241011B,RA0678,E2,Plate019,2230,Haplotype 1a,
RAA_241011B,RA0679,F2,Plate019,2043,Haplotype 1a,
RAA_241011B,RA0680,G2,Plate019,2239,Haplotype 1a,
RAA_241011B,RA0681,H2,Plate019,2139,Haplotype 1a,
RAA_241011B,RA0682,A3,Plate019,1497,Haplotype 1a,
RAA_241011B,RA0683,B3,Plate019,1385,Haplotype 1a,
RAA_241011B,RA0684,C3,Plate019,1386,Haplotype 1a,
RAA_241011B,RA0685,D3,Plate019,1413,Haplotype 10,
RAA_241011B,RA0686,E3,Plate019,2039,Haplotype 1a,
RAA_241011B,RA0687,F3,Plate019,2175,Haplotype 1a,
RAA_241011B,RA0688,G3,Plate019,2053,Haplotype 1a,
RAA_241011B,RA0689,H3,Plate019,2116,Haplotype 1a,
RAA_241011B,RA0690,A4,Plate019,1321,Haplotype 1a,
RAA_241011B,RA0691,B4,Plate019,1422,Haplotype 8a,
RAA_241011B,RA0692,C4,Plate019,1495,Haplotype 1a,
RAA_241011B,RA0693,D4,Plate019,2173,Haplotype 11,
RAA_241011B,RA0694,E4,Plate019,2035,Haplotype 1a,
RAA_241011B,RA0695,F4,Plate019,2090,Haplotype 11,
RAA_241011B,RA0696,G4,Plate019,2159,Haplotype 1a,
RAA_241011B,RA0697,H4,Plate019,2228,Haplotype 1a,
RAA_241011B,RA0698,A5,Plate019,1412,Haplotype 10,
RAA_241011B,RA0699,B5,Plate019,1402,Haplotype 1a,
RAA_241011B,RA0700,C5,Plate019,1437,Haplotype 10,
RAA_241011B,RA0701,D5,Plate019,2094,Haplotype 1a,
RAA_241011B,RA0702,E5,Plate019,2234,Haplotype 1a,
RAA_241011B,RA0703,F5,Plate019,2236,Haplotype 1a,
RAA_241011B,RA0704,G5,Plate019,2153,Haplotype 10,
RAA_241011B,RA0705,H5,Plate019,2143,Haplotype 1a,
RAA_241011B,RA0706,A6,Plate019,1434,Haplotype 3,
RAA_241011B,RA0707,B6,Plate019,1388,Haplotype 8a,
RAA_241011B,RA0708,C6,Plate019,1460,Haplotype 1a,
RAA_241011B,RA0709,D6,Plate019,2041,Haplotype 1a,
RAA_241011B,RA0710,E6,Plate019,2029,Haplotype 10,
RAA_241011B,RA0711,F6,Plate019,2027,Haplotype 10,
RAA_241011B,RA0712,G6,Plate019,2112,Haplotype 3,
RAA_241011B,RA0713,H6,Plate019,2117,Haplotype 8a,
RAA_241011B,RA0714,A7,Plate019,1397,Haplotype 1a,
RAA_241011B,RA0715,B7,Plate019,1426,Haplotype 1a,
RAA_241011B,RA0716,C7,Plate019,1320,Haplotype 3,
RAA_241011B,RA0717,D7,Plate019,2171,Haplotype 11,
RAA_241011B,RA0718,E7,Plate019,2235,Haplotype 1a,
RAA_241011B,RA0719,F7,Plate019,2033,Haplotype 1a,
RAA_241011B,RA0720,G7,Plate019,2132,Haplotype 1a,
RAA_241011B,RA0721,H7,Plate019,2133,Haplotype 3,
RAA_241011B,RA0722,A8,Plate019,1441,NA,Fail
RAA_241011B,RA0723,B8,Plate019,1348,Haplotype 1a,
RAA_241011B,RA0724,C8,Plate019,1496,Haplotype 1a,
RAA_241011B,RA0725,D8,Plate019,2045,Haplotype 11,
RAA_241011B,RA0726,E8,Plate019,2036,Haplotype 1a,
RAA_241011B,RA0727,F8,Plate019,2038,Haplotype 1a,
RAA_241011B,RA0728,G8,Plate019,2158,Haplotype 1a,
RAA_241011B,RA0729,H8,Plate019,2149,Haplotype 1a,
RAA_241011B,RA0730,A9,Plate019,1393,Haplotype 10,
RAA_241011B,RA0731,B9,Plate019,1421,Haplotype 1a,
RAA_241011B,RA0732,C9,Plate019,1450,Haplotype 10,
RAA_241011B,RA0733,D9,Plate019,2029,Haplotype 1a,
RAA_241011B,RA0734,E9,Plate019,2232,Haplotype 5a,
RAA_241011B,RA0735,F9,Plate019,2174,Haplotype 11,
RAA_241011B,RA0736,G9,Plate019,2125,Haplotype 3,
RAA_241011B,RA0737,H9,Plate019,2134,Haplotype 1a,
RAA_241011B,RA0738,A10,Plate019,1399,Haplotype 1a,
RAA_241011B,RA0739,B10,Plate019,1404,Haplotype 1a,
RAA_241011B,RA0740,C10,Plate019,1446,Haplotype 1a,
RAA_241011B,RA0741,D10,Plate019,2233,Haplotype 8a,
RAA_241011B,RA0742,E10,Plate019,2226,Haplotype 1a,
RAA_241011B,RA0743,F10,Plate019,2172,Haplotype 1a,
RAA_241011B,RA0744,G10,Plate019,2227,Haplotype 1a,
RAA_241011B,RA0745,H10,Plate019,2156,Haplotype 1a,
RAA_241011B,RA0746,A11,Plate019,1387,Haplotype 8a,
RAA_241011B,RA0747,B11,Plate019,1425,Haplotype 1a,
RAA_241011B,RA0748,C11,Plate019,1431,Haplotype 10,
RAA_241011B,RA0749,D11,Plate019,2231,Haplotype 10,
RAA_241011B,RA0750,E11,Plate019,2238,Haplotype 1a,
RAA_241011B,RA0751,F11,Plate019,2037,Haplotype 11,
RAA_241011B,RA0752,G11,Plate019,2106,Haplotype 8a,
RAA_241011B,RA0753,H11,Plate019,2111,Haplotype 1a,
RAA_241011B,RA0754,A12,Plate019,1430,Haplotype 1a,
RAA_241011B,RA0755,B12,Plate019,1416,Haplotype 10,
RAA_241011B,RA0756,C12,Plate019,1435,Haplotype 1a,
RAA_241011B,RA0757,D12,Plate019,2229,Haplotype 10,
RAA_241011B,RA0758,E12,Plate019,2042,Haplotype 11,
RAA_241011B,EMPTY FOR JANET,F12,Plate019,2028,NA,
RAA_241011B,RA0759,G12,Plate019,2113,Haplotype 5a,
RAA_241011B,RA0760,H12,Plate019,2138,Haplotype 10,