Date_french_format,Sample.ID,Stage,Site,Transect,
10/5/22,410,Adult,S4,T1,
10/5/22,411,Adult,S4,T1,
10/5/22,412,Adult,S4,T1,
10/5/22,413,Adult,S4,T1,
10/5/22,414,Adult,S4,T1,
10/5/22,415,Adult,S4,T1,
10/5/22,416,Recruit,S4,T1,
10/5/22,417,Recruit,S4,T1,
10/5/22,418,Recruit,S4,T1,
10/5/22,419,Recruit,S4,T1,
10/5/22,420,Recruit,S4,T1,
10/5/22,421,Recruit,S4,T1,
10/5/22,422,Adult,S4,T1,
10/5/22,423,Recruit,S4,T1,
10/5/22,424,Adult,S4,T1,
10/5/22,425,Adult,S4,T1,
10/5/22,426,Adult,S4,T1,
10/5/22,427,Adult,S4,T1,
10/5/22,428,Adult,S4,T1,
10/5/22,429,Recruit,S4,T1,
10/5/22,430,Recruit,S4,T1,
10/5/22,431,Recruit,S4,T1,
10/5/22,432,Adult,S4,T1,
10/5/22,433,Adult,S4,T1,
10/5/22,434,Adult,S4,T1,
10/5/22,435,Adult,S4,T1,
10/5/22,436,Adult,S4,T1,
10/5/22,437,Adult,S4,T1,
10/5/22,438,Adult,S4,T1,
10/5/22,439,Adult,S4,T1,
10/5/22,440,Adult,S4,T1,
10/5/22,441,Adult,S4,T1,
10/5/22,442,Adult,S4,T1,
10/5/22,443,Adult,S4,T1,
10/5/22,448,Adult,S4,T1,
10/5/22,450,Adult,S4,T1,
10/5/22,444,Adult,S4,T2,
10/5/22,445,Recruit,S4,T2,
10/5/22,446,Adult,S4,T2,
10/5/22,447,Adult,S4,T2,
10/5/22,449,NA,S4,T2,
10/5/22,451,Recruit,S4,T2,
10/5/22,452,Recruit,S4,T2,
10/5/22,453,Adult,S4,T2,
10/5/22,454,Recruit,S4,T2,
10/5/22,456,Adult,S4,T2,
10/5/22,457,Adult,S4,T2,
10/5/22,458,Adult,S4,T2,
10/5/22,459,Recruit,S4,T2,
10/5/22,460,Adult,S4,T2,
10/5/22,461,Adult,S4,T2,
10/5/22,462,Recruit,S4,T2,
10/5/22,463,Adult,S4,T2,
10/5/22,464,Adult,S4,T2,
10/5/22,465,Adult,S4,T2,
10/5/22,466,Adult,S4,T2,
10/5/22,467,Adult,S4,T2,
10/5/22,468,Adult,S4,T2,
10/5/22,469,Recruit,S4,T2,
10/5/22,470,Recruit,S4,T2,
10/5/22,471,Adult,S4,T2,
10/5/22,490,Adult,S4,T2,
10/5/22,419,Adult,S4,T3,
10/5/22,455,Adult,S4,T3,
10/5/22,472,Adult,S4,T3,
10/5/22,473,Adult,S4,T3,
10/5/22,474,Adult,S4,T3,
10/5/22,475,Adult,S4,T3,
10/5/22,476,Adult,S4,T3,
10/5/22,477,Adult,S4,T3,
10/5/22,478,Adult,S4,T3,
10/5/22,479,Adult,S4,T3,
10/5/22,480,Adult,S4,T3,
10/5/22,481,Adult,S4,T3,
10/5/22,482,Adult,S4,T3,
10/5/22,483,Adult,S4,T3,
10/5/22,484,Adult,S4,T3,
10/5/22,485,Adult,S4,T3,
10/5/22,486,Adult,S4,T3,
10/5/22,487,Adult,S4,T3,
10/5/22,488,Adult,S4,T3,
10/5/22,489,Adult,S4,T3,
10/5/22,507,Recruit,S4,T3,
10/5/22,509,Adult,S4,T3,
10/5/22,510,Recruit,S4,T3,
10/5/22,518,NA,S4,T3,
10/5/22,515,Adult,S4,T3,
10/5/22,519,Recruit,S4,T3,
10/5/22,528,Recruit,S4,T3,
10/5/22,529,Adult,S4,T3,
10/5/22,619,NA,S4,T3,
10/5/22,539,Recruit,S4,T3,
10/5/22,620,Recruit,S4,T3,
10/6/22,491,Recruit,S4,T4,
10/6/22,492,Recruit,S4,T4,
10/6/22,494,Recruit,S4,T4,
10/6/22,495,Recruit,S4,T4,
10/6/22,496,Recruit,S4,T4,
10/6/22,497,Recruit,S4,T4,
10/6/22,498,Recruit,S4,T4,
10/6/22,499,Recruit,S4,T4,
10/6/22,500,Recruit,S4,T4,
10/6/22,501,Recruit,S4,T4,
10/6/22,502,Recruit,S4,T4,
10/6/22,503,Recruit,S4,T4,
10/6/22,504,Recruit,S4,T4,
10/6/22,506,Recruit,S4,T4,
10/6/22,508,Adult,S4,T4,
10/6/22,514,Adult,S4,T4,
10/6/22,516,Recruit,S4,T4,
10/6/22,517,Recruit,S4,T4,
10/6/22,558,Recruit,S4,T4,
10/6/22,593,Recruit,S4,T4,
10/6/22,493,Recruit,S4,T5,
10/6/22,505,Adult,S4,T5,
10/6/22,511,Recruit,S4,T5,
10/6/22,512,Recruit,S4,T5,
10/6/22,513,Adult,S4,T5,
10/6/22,530,Recruit,S4,T5,
10/6/22,531,Recruit,S4,T5,
10/6/22,532,Recruit,S4,T5,
10/6/22,553,Recruit,S4,T5,
10/6/22,555,Recruit,S4,T5,
10/6/22,585,Adult,S4,T5,
10/6/22,586,Recruit,S4,T5,
10/6/22,587,Adult,S4,T5,
10/6/22,588,Recruit,S4,T5,
10/6/22,589,Recruit,S4,T5,
10/6/22,590,Recruit,S4,T5,
10/6/22,591,Recruit,S4,T5,
10/6/22,594,Recruit,S4,T5,
10/6/22,626,Recruit,S4,T5,
10/6/22,627,Recruit,S4,T5,
10/6/22,628,Recruit,S4,T5,
10/6/22,629,Recruit,S4,T5,
10/6/22,630,Adult,S4,T5,
10/6/22,631,Adult,S4,T5,
10/6/22,632,Adult,S4,T5,
10/6/22,633,Recruit,S4,T5,
10/6/22,634,Adult,S4,T5,
10/6/22,635,Adult,S4,T5,
10/6/22,636,Adult,S4,T5,
10/6/22,637,Adult,S4,T5,
10/6/22,638,Recruit,S4,T5,
10/6/22,639,Adult,S4,T5,
10/6/22,640,Adult,S4,T5,
10/6/22,641,Recruit,S4,T5,
10/6/22,642,Recruit,S4,T5,
10/6/22,643,Adult,S4,T5,
10/6/22,644,Recruit,S4,T5,
10/6/22,645,Adult,S4,T5,
10/6/22,646,Recruit,S4,T5,
10/6/22,647,Adult,S4,T5,
10/6/22,648,Adult,S4,T5,
10/6/22,649,Adult,S4,T5,
10/6/22,650,Adult,S4,T5,
10/6/22,533,Recruit,S4,T6,
10/6/22,527,NA,S4,T6,
10/6/22,528,NA,S4,T6,
10/6/22,534,Adult,S4,T6,
10/6/22,535,Adult,S4,T6,
10/6/22,536,Adult,S4,T6,
10/6/22,537,Recruit,S4,T6,
10/6/22,538,Recruit,S4,T6,
10/6/22,540,Adult,S4,T6,
10/6/22,541,Adult,S4,T6,
10/6/22,542,Adult,S4,T6,
10/6/22,543,NA,S4,T6,
10/6/22,545,Adult,S4,T6,
10/6/22,546,Recruit,S4,T6,
10/6/22,548,Recruit,S4,T6,
10/6/22,549,Adult,S4,T6,
10/6/22,550,Adult,S4,T6,
10/6/22,551,Recruit,S4,T6,
10/6/22,552,Recruit,S4,T6,
10/6/22,554,Adult,S4,T6,
10/6/22,556,Recruit,S4,T6,
10/6/22,557,Recruit,S4,T6,
10/6/22,562,NA,S4,T6,
10/6/22,573,Adult,S4,T6,
10/6/22,575,Adult,S4,T6,
10/6/22,592,Recruit,S4,T6,
10/6/22,595,Recruit,S4,T6,
10/6/22,596,Recruit,S4,T6,
10/6/22,597,Recruit,S4,T6,
10/6/22,598,NA,S4,T6,
10/6/22,599,Adult,S4,T6,
10/6/22,600,Adult,S4,T6,
10/6/22,601,Adult,S4,T6,
10/6/22,602,Adult,S4,T6,
10/6/22,603,Adult,S4,T6,
10/6/22,604,Adult,S4,T6,
10/6/22,605,Adult,S4,T6,
10/6/22,606,Recruit,S4,T6,
10/6/22,607,Recruit,S4,T6,
10/6/22,608,Adult,S4,T6,
10/6/22,609,Adult,S4,T6,
10/6/22,610,Adult,S4,T6,
10/6/22,611,Adult,S4,T6,
10/6/22,612,Recruit,S4,T6,
10/6/22,613,NA,S4,T6,
10/6/22,614,NA,S4,T6,
10/6/22,615,NA,S4,T6,
10/6/22,616,Adult,S4,T6,
10/6/22,617,NA,S4,T6,
10/6/22,618,Recruit,S4,T6,
10/6/22,652,Adult,S4,T6,
10/6/22,675,NA,S4,T6,
10/6/22,698,Adult,S4,T6,
2/4/23,653,Adult,S3,T1,
2/4/23,658,Recruit,S3,T1,
2/4/23,659,Adult,S3,T1,
2/4/23,660,Recruit,S3,T1,
2/4/23,661,Adult,S3,T1,
2/4/23,662,Adult,S3,T1,
2/4/23,663,Recruit,S3,T1,
2/4/23,664,Adult,S3,T1,
2/4/23,665,Recruit,S3,T1,
2/4/23,666,Recruit,S3,T1,
2/4/23,667,Recruit,S3,T1,
2/4/23,668,Recruit,S3,T1,
2/4/23,669,Recruit,S3,T1,
2/4/23,670,Recruit,S3,T1,
2/4/23,671,Recruit,S3,T1,
2/4/23,672,Recruit,S3,T1,
2/4/23,676,Adult,S3,T1,
2/4/23,677,Recruit,S3,T1,
2/4/23,678,Recruit,S3,T1,
2/4/23,679,Adult,S3,T1,
2/4/23,680,Recruit,S3,T1,
2/4/23,681,Adult,S3,T1,
2/4/23,682,Adult,S3,T1,
2/4/23,683,Recruit,S3,T1,
2/4/23,684,Adult,S3,T1,
2/4/23,685,Recruit,S3,T1,
2/4/23,686,Recruit,S3,T1,
2/4/23,687,Adult,S3,T1,
2/4/23,688,Adult,S3,T1,
2/4/23,689,Adult,S3,T1,
2/4/23,702,Recruit,S3,T1,
2/4/23,703,Adult,S3,T1,
2/4/23,721,Recruit,S3,T1,
2/4/23,722,Adult,S3,T1,
2/4/23,723,Recruit,S3,T1,
2/4/23,724,Adult,S3,T1,
2/4/23,725,Recruit,S3,T1,
2/4/23,726,Adult,S3,T1,
2/4/23,727,Adult,S3,T1,
2/4/23,728,Recruit,S3,T1,
2/4/23,738,Recruit,S3,T1,
2/4/23,690,Recruit,S3,T2,
2/4/23,696,Adult,S3,T2,
2/4/23,700,Recruit,S3,T2,
2/4/23,701,Recruit,S3,T2,
2/4/23,705,Recruit,S3,T2,
2/4/23,706,Recruit,S3,T2,
2/4/23,707,Recruit,S3,T2,
2/4/23,708,Recruit,S3,T2,
2/4/23,709,Recruit,S3,T2,
2/4/23,712,Adult,S3,T2,
2/4/23,716,Recruit,S3,T2,
2/4/23,731,Adult,S3,T2,
2/4/23,734,Recruit,S3,T2,
2/4/23,735,Recruit,S3,T2,
2/4/23,736,Recruit,S3,T2,
2/4/23,737,Recruit,S3,T2,
2/4/23,691,Recruit,S3,T3,
2/4/23,692,Recruit,S3,T3,
2/4/23,693,Recruit,S3,T3,
2/4/23,694,Adult,S3,T3,
2/4/23,695,Adult,S3,T3,
2/4/23,697,Recruit,S3,T3,
2/4/23,699,Adult,S3,T3,
2/4/23,704,Recruit,S3,T3,
2/4/23,710,Adult,S3,T3,
2/4/23,711,Recruit,S3,T3,
2/4/23,713,Recruit,S3,T3,
2/4/23,714,Adult,S3,T3,
2/4/23,715,Adult,S3,T3,
2/4/23,717,Recruit,S3,T3,
2/4/23,718,Recruit,S3,T3,
2/4/23,719,Recruit,S3,T3,
2/4/23,720,Recruit,S3,T3,
2/4/23,729,Adult,S3,T3,
2/4/23,730,Recruit,S3,T3,
2/4/23,732,Recruit,S3,T3,
2/4/23,733,Adult,S3,T3,
2/4/23,739,Recruit,S3,T3,
2/4/23,750,Recruit,S3,T3,
2/4/23,869,Recruit,S3,T3,
2/4/23,906,Recruit,S3,T3,
2/5/23,620,Recruit,S3,T4,
2/5/23,621,Adult,S3,T4,
2/5/23,622,Adult,S3,T4,
2/5/23,623,Recruit,S3,T4,
2/5/23,624,Recruit,S3,T4,
2/5/23,625,Adult,S3,T4,
2/5/23,832,Adult,S3,T4,
2/5/23,843,Adult,S3,T4,
2/5/23,844,Recruit,S3,T4,
2/5/23,845,Recruit,S3,T4,
2/5/23,846,Recruit,S3,T4,
2/5/23,847,Adult,S3,T4,
2/5/23,848,Recruit,S3,T4,
2/5/23,849,Adult,S3,T4,
2/5/23,850,Adult,S3,T4,
2/5/23,851,Adult,S3,T4,
2/5/23,852,Recruit,S3,T4,
2/5/23,853,Recruit,S3,T4,
2/5/23,854,Recruit,S3,T4,
2/5/23,855,Recruit,S3,T4,
2/5/23,856,Recruit,S3,T4,
2/5/23,857,Recruit,S3,T4,
2/5/23,858,Recruit,S3,T4,
2/5/23,859,Recruit,S3,T4,
2/5/23,860,Recruit,S3,T4,
2/5/23,861,Adult,S3,T4,
2/5/23,862,Recruit,S3,T4,
2/5/23,863,Adult,S3,T4,
2/5/23,864,Adult,S3,T4,
2/5/23,865,Adult,S3,T4,
2/5/23,866,Recruit,S3,T4,
2/5/23,867,Recruit,S3,T4,
2/5/23,868,Recruit,S3,T4,
2/5/23,837,Adult,S3,T5,
2/5/23,839,Adult,S3,T5,
2/5/23,840,Adult,S3,T5,
2/5/23,841,Adult,S3,T5,
2/5/23,842,Adult,S3,T5,
2/5/23,894,Recruit,S3,T5,
2/5/23,903,Recruit,S3,T5,
2/5/23,904,Recruit,S3,T5,
2/5/23,905,Recruit,S3,T5,
2/5/23,799,Recruit,S3,T6,
2/5/23,800,Adult,S3,T6,
2/5/23,801,Recruit,S3,T6,
2/5/23,802,Recruit,S3,T6,
2/5/23,900,Recruit,S3,T6,
2/5/23,901,Adult,S3,T6,
2/7/23,740,Recruit,S5,T1,
2/7/23,741,Recruit,S5,T1,
2/7/23,742,Recruit,S5,T1,
2/7/23,743,Recruit,S5,T1,
2/7/23,744,Recruit,S5,T1,
2/7/23,745,Adult,S5,T1,
2/7/23,746,Recruit,S5,T1,
2/7/23,747,Adult,S5,T1,
2/7/23,748,Recruit,S5,T1,
2/7/23,749,Adult,S5,T1,
2/7/23,751,Recruit,S5,T1,
2/7/23,752,Recruit,S5,T1,
2/7/23,753,Recruit,S5,T1,
2/7/23,754,Recruit,S5,T1,
2/7/23,755,Recruit,S5,T1,
2/7/23,756,Adult,S5,T1,
2/7/23,757,Adult,S5,T1,
2/7/23,758,Recruit,S5,T1,
2/7/23,759,Adult,S5,T1,
2/7/23,760,Recruit,S5,T1,
2/7/23,761,Recruit,S5,T1,
2/7/23,762,Recruit,S5,T1,
2/7/23,763,Recruit,S5,T1,
2/7/23,764,Recruit,S5,T1,
2/7/23,765,Recruit,S5,T1,
2/7/23,766,Recruit,S5,T1,
2/7/23,767,Recruit,S5,T1,
2/7/23,768,Adult,S5,T1,
2/7/23,779,Recruit,S5,T1,
2/7/23,780,Recruit,S5,T1,
2/7/23,781,Adult,S5,T1,
2/7/23,782,Recruit,S5,T1,
2/7/23,783,Adult,S5,T1,
2/7/23,784,Recruit,S5,T1,
2/7/23,785,Recruit,S5,T1,
2/7/23,786,Recruit,S5,T1,
2/7/23,787,Adult,S5,T1,
2/7/23,788,Recruit,S5,T1,
2/7/23,789,Adult,S5,T1,
2/7/23,790,Recruit,S5,T1,
2/7/23,791,Recruit,S5,T1,
2/7/23,792,Adult,S5,T1,
2/7/23,793,Recruit,S5,T1,
2/7/23,794,Recruit,S5,T1,
2/7/23,795,Recruit,S5,T1,
2/7/23,796,Recruit,S5,T1,
2/7/23,797,Adult,S5,T1,
2/7/23,798,Adult,S5,T1,
2/7/23,803,Recruit,S5,T1,
2/7/23,804,Recruit,S5,T1,
2/7/23,805,Recruit,S5,T1,
2/7/23,806,Adult,S5,T1,
2/7/23,807,Recruit,S5,T1,
2/7/23,808,Recruit,S5,T1,
2/7/23,809,Recruit,S5,T1,
2/7/23,810,Recruit,S5,T1,
2/7/23,811,Recruit,S5,T1,
2/7/23,812,Recruit,S5,T1,
2/7/23,813,Recruit,S5,T1,
2/7/23,814,Adult,S5,T1,
2/7/23,815,Recruit,S5,T1,
2/7/23,816,Recruit,S5,T1,
2/7/23,817,Recruit,S5,T1,
2/7/23,818,Adult,S5,T1,
2/7/23,819,Recruit,S5,T1,
2/7/23,820,Recruit,S5,T1,
2/7/23,821,Recruit,S5,T1,
2/7/23,822,Adult,S5,T1,
2/7/23,823,Recruit,S5,T1,
2/7/23,824,Recruit,S5,T1,
2/7/23,825,Adult,S5,T1,
2/7/23,826,Recruit,S5,T1,
2/7/23,827,Recruit,S5,T1,
2/7/23,828,Adult,S5,T1,
2/7/23,829,Adult,S5,T1,
2/7/23,830,Adult,S5,T1,
2/7/23,831,Recruit,S5,T1,
2/7/23,833,Recruit,S5,T1,
2/7/23,834,Recruit,S5,T1,
2/7/23,835,Recruit,S5,T1,
2/7/23,836,Recruit,S5,T1,
2/7/23,838,Recruit,S5,T1,
2/7/23,870,Recruit,S5,T1,
2/7/23,871,Adult,S5,T1,
2/7/23,872,Adult,S5,T1,
2/7/23,873,Recruit,S5,T1,
2/7/23,874,Recruit,S5,T1,
2/7/23,875,Recruit,S5,T1,
2/7/23,876,Recruit,S5,T1,
2/7/23,877,Recruit,S5,T1,
2/7/23,878,Recruit,S5,T1,
2/7/23,879,Recruit,S5,T1,
2/7/23,880,Recruit,S5,T1,
2/7/23,881,Recruit,S5,T1,
2/7/23,882,Recruit,S5,T1,
2/7/23,883,Adult,S5,T1,
2/7/23,886,NA,S5,T1,
2/7/23,884,Recruit,S5,T1,
2/7/23,885,Recruit,S5,T1,
2/7/23,887,Recruit,S5,T1,
2/7/23,888,NA,S5,T1,
2/7/23,889,Recruit,S5,T1,
2/7/23,890,Recruit,S5,T1,
2/7/23,891,Adult,S5,T1,
2/7/23,892,Recruit,S5,T1,
2/7/23,893,Adult,S5,T1,
2/7/23,895,Recruit,S5,T1,
2/7/23,896,Recruit,S5,T1,
2/7/23,897,Recruit,S5,T1,
2/7/23,898,Recruit,S5,T1,
2/7/23,899,Recruit,S5,T1,
2/7/23,902,Adult,S5,T1,
2/7/23,909,Recruit,S5,T1,
2/7/23,910,Recruit,S5,T1,
2/7/23,916,Recruit,S5,T1,
2/7/23,918,Recruit,S5,T1,
2/7/23,920,Recruit,S5,T1,
2/7/23,921,Recruit,S5,T1,
2/7/23,922,Recruit,S5,T1,
2/7/23,923,Recruit,S5,T1,
2/7/23,924,Recruit,S5,T1,
2/7/23,925,Recruit,S5,T1,
2/7/23,926,Recruit,S5,T1,
2/7/23,927,Recruit,S5,T1,
2/7/23,928,Adult,S5,T1,
2/12/23,907,Recruit,S5,T2,
2/12/23,908,Recruit,S5,T2,
2/12/23,911,Recruit,S5,T2,
2/12/23,912,Recruit,S5,T2,
2/12/23,913,Recruit,S5,T2,
2/12/23,914,Recruit,S5,T2,
2/12/23,915,Adult,S5,T2,
2/12/23,917,Recruit,S5,T2,
2/12/23,919,Recruit,S5,T2,
2/12/23,935,Recruit,S5,T2,
2/12/23,955,Adult,S5,T2,
2/12/23,956,Recruit,S5,T2,
2/12/23,957,Recruit,S5,T2,
2/12/23,958,Adult,S5,T2,
2/12/23,959,Recruit,S5,T2,
2/12/23,960,Adult,S5,T2,
2/12/23,961,Recruit,S5,T2,
2/12/23,962,Recruit,S5,T2,
2/12/23,963,Recruit,S5,T2,
2/12/23,964,Recruit,S5,T2,
2/12/23,965,Recruit,S5,T2,
2/12/23,966,Adult,S5,T2,
2/12/23,967,Recruit,S5,T2,
2/12/23,968,Recruit,S5,T2,
2/12/23,969,Recruit,S5,T2,
2/12/23,970,Adult,S5,T2,
2/12/23,971,Adult,S5,T2,
2/12/23,972,Adult,S5,T2,
2/12/23,973,Recruit,S5,T2,
2/12/23,974,Recruit,S5,T2,
2/12/23,975,Recruit,S5,T2,
2/12/23,976,NA,S5,T2,
2/12/23,977,Recruit,S5,T2,
2/12/23,978,Adult,S5,T2,
2/12/23,980,Adult,S5,T2,
2/12/23,981,Recruit,S5,T2,
2/12/23,982,Recruit,S5,T2,
2/12/23,983,Recruit,S5,T2,
2/12/23,984,Recruit,S5,T2,
2/12/23,985,Recruit,S5,T2,
2/12/23,986,Recruit,S5,T2,
2/12/23,987,Adult,S5,T2,
2/12/23,988,Recruit,S5,T2,
2/12/23,989,Recruit,S5,T2,
2/12/23,990,Adult,S5,T2,
2/12/23,991,Recruit,S5,T2,
2/12/23,992,Recruit,S5,T2,
2/12/23,993,Adult,S5,T2,
2/12/23,994,Adult,S5,T2,
2/12/23,995,Adult,S5,T2,
2/12/23,996,Adult,S5,T2,
2/12/23,997,Recruit,S5,T2,
2/12/23,998,Adult,S5,T2,
2/12/23,999,Adult,S5,T2,
2/12/23,1000,Adult,S5,T2,
2/12/23,1001,Recruit,S5,T2,
2/12/23,1002,Recruit,S5,T2,
2/12/23,1003,Recruit,S5,T2,
2/12/23,1004,Recruit,S5,T2,
2/12/23,1005,Recruit,S5,T2,
2/12/23,1006,Recruit,S5,T2,
2/12/23,1007,Recruit,S5,T2,
2/12/23,1008,Adult,S5,T2,
2/12/23,1009,Recruit,S5,T2,
2/12/23,1010,Recruit,S5,T2,
2/12/23,1011,Recruit,S5,T2,
2/12/23,1012,Adult,S5,T2,
2/12/23,1013,Adult,S5,T2,
2/12/23,1014,Recruit,S5,T2,
2/12/23,1015,Adult,S5,T2,
2/12/23,1016,Adult,S5,T2,
2/12/23,1017,Adult,S5,T2,
2/12/23,1018,Adult,S5,T2,
2/12/23,1019,Recruit,S5,T2,
2/12/23,1020,Recruit,S5,T2,
2/12/23,1021,Recruit,S5,T2,
2/12/23,1022,Adult,S5,T2,
2/12/23,1023,Recruit,S5,T2,
2/12/23,1024,Recruit,S5,T2,
2/12/23,1025,Adult,S5,T2,
2/12/23,1026,Recruit,S5,T2,
2/12/23,1027,Recruit,S5,T2,
2/12/23,1028,Adult,S5,T2,
2/12/23,1029,Recruit,S5,T2,
2/12/23,1030,Recruit,S5,T2,
2/12/23,1031,Recruit,S5,T2,
2/12/23,1032,Adult,S5,T2,
2/12/23,1033,Recruit,S5,T2,
2/12/23,1034,Recruit,S5,T2,
2/12/23,1035,Adult,S5,T2,
2/12/23,1036,Recruit,S5,T2,
2/12/23,1037,Adult,S5,T2,
2/12/23,1038,Recruit,S5,T2,
2/12/23,1039,Recruit,S5,T2,
2/12/23,1040,Recruit,S5,T2,
2/12/23,1041,Adult,S5,T2,
2/12/23,1042,Recruit,S5,T2,
2/12/23,1043,Recruit,S5,T2,
2/12/23,1044,Adult,S5,T2,
2/12/23,1045,Recruit,S5,T2,
2/12/23,1046,Adult,S5,T2,
2/12/23,1047,Recruit,S5,T2,
2/12/23,1048,Recruit,S5,T2,
2/12/23,1049,Recruit,S5,T2,
2/12/23,1050,Recruit,S5,T2,
2/12/23,1052,Recruit,S5,T2,
2/12/23,1053,Adult,S5,T2,
2/12/23,1054,Recruit,S5,T2,
2/12/23,1055,Recruit,S5,T2,
2/12/23,1088,Recruit,S5,T2,
2/12/23,1089,Recruit,S5,T2,
2/12/23,1090,Recruit,S5,T2,
2/12/23,1091,Recruit,S5,T2,
2/12/23,1092,Recruit,S5,T2,
2/12/23,1093,Recruit,S5,T2,
2/12/23,1094,Recruit,S5,T2,
2/12/23,1095,Recruit,S5,T2,
2/12/23,1096,Adult,S5,T2,
2/12/23,1097,Recruit,S5,T2,
2/12/23,1098,Adult,S5,T2,
2/12/23,1099,Recruit,S5,T2,
2/12/23,1100,Recruit,S5,T2,
2/12/23,1101,Adult,S5,T2,
2/12/23,1102,Recruit,S5,T2,
2/12/23,1103,Adult,S5,T2,
2/12/23,1104,Adult,S5,T2,
2/12/23,1105,Recruit,S5,T2,
2/12/23,1106,Recruit,S5,T2,
2/12/23,1107,Recruit,S5,T2,
2/12/23,1108,Adult,S5,T2,
2/12/23,1161,Recruit,S5,T2,
2/12/23,1162,Adult,S5,T2,
2/12/23,1163,Recruit,S5,T2,
2/12/23,1164,Recruit,S5,T2,
2/12/23,1165,Adult,S5,T2,
2/12/23,1166,Adult,S5,T2,
2/12/23,1167,Adult,S5,T2,
2/12/23,1168,Adult,S5,T2,
2/12/23,1169,Recruit,S5,T2,
2/12/23,1170,Recruit,S5,T2,
2/12/23,1171,Adult,S5,T2,
2/12/23,1172,Recruit,S5,T2,
2/12/23,1173,Adult,S5,T2,
2/12/23,1174,Adult,S5,T2,
2/12/23,1175,Recruit,S5,T2,
2/12/23,1176,Recruit,S5,T2,
2/12/23,1177,Recruit,S5,T2,
2/12/23,1178,Adult,S5,T2,
2/12/23,1179,Adult,S5,T2,
2/12/23,1180,Recruit,S5,T2,
2/12/23,1181,Adult,S5,T2,
2/12/23,1182,Recruit,S5,T2,
2/15/23,929,Recruit,S5,T3,
2/15/23,930,Adult,S5,T3,
2/15/23,931,Adult,S5,T3,
2/15/23,932,Recruit,S5,T3,
2/15/23,933,Recruit,S5,T3,
2/15/23,934,Recruit,S5,T3,
2/15/23,936,Recruit,S5,T3,
2/15/23,937,Recruit,S5,T3,
2/15/23,938,Recruit,S5,T3,
2/15/23,939,Recruit,S5,T3,
2/15/23,940,Recruit,S5,T3,
2/15/23,941,Adult,S5,T3,
2/15/23,942,Adult,S5,T3,
2/15/23,943,Adult,S5,T3,
2/15/23,944,Recruit,S5,T3,
2/15/23,945,Recruit,S5,T3,
2/15/23,946,Adult,S5,T3,
2/15/23,947,Recruit,S5,T3,
2/15/23,948,Recruit,S5,T3,
2/15/23,949,Recruit,S5,T3,
2/15/23,950,Recruit,S5,T3,
2/15/23,951,Recruit,S5,T3,
2/15/23,952,Recruit,S5,T3,
2/15/23,953,Recruit,S5,T3,
2/15/23,954,Recruit,S5,T3,
2/15/23,1047,Recruit,S5,T3,
2/15/23,1051,Adult,S5,T3,
2/15/23,1056,Adult,S5,T3,
2/15/23,1057,Recruit,S5,T3,
2/15/23,1058,Adult,S5,T3,
2/15/23,1059,Recruit,S5,T3,
2/15/23,1060,Adult,S5,T3,
2/15/23,1061,Recruit,S5,T3,
2/15/23,1062,Adult,S5,T3,
2/15/23,1063,Recruit,S5,T3,
2/15/23,1064,Adult,S5,T3,
2/15/23,1065,Adult,S5,T3,
2/15/23,1066,Recruit,S5,T3,
2/15/23,1067,Recruit,S5,T3,
2/15/23,1068,Recruit,S5,T3,
2/15/23,1069,Recruit,S5,T3,
2/15/23,1070,Recruit,S5,T3,
2/15/23,1071,Recruit,S5,T3,
2/15/23,1072,Adult,S5,T3,
2/15/23,1073,Adult,S5,T3,
2/15/23,1074,Recruit,S5,T3,
2/15/23,1075,Recruit,S5,T3,
2/15/23,1076,Recruit,S5,T3,
2/15/23,1077,Recruit,S5,T3,
2/15/23,1078,Recruit,S5,T3,
2/15/23,1079,Recruit,S5,T3,
2/15/23,1080,Recruit,S5,T3,
2/15/23,1081,Recruit,S5,T3,
2/15/23,1082,Recruit,S5,T3,
2/15/23,1083,Recruit,S5,T3,
2/15/23,1084,Recruit,S5,T3,
2/15/23,1085,Recruit,S5,T3,
2/15/23,1086,Recruit,S5,T3,
2/15/23,1087,Recruit,S5,T3,
2/15/23,1109,Recruit,S5,T3,
2/15/23,1110,Recruit,S5,T3,
2/15/23,1111,Recruit,S5,T3,
2/15/23,1112,Adult,S5,T3,
2/15/23,1113,Recruit,S5,T3,
2/15/23,1114,Recruit,S5,T3,
2/15/23,1115,Recruit,S5,T3,
2/15/23,1116,Recruit,S5,T3,
2/15/23,1117,Recruit,S5,T3,
2/15/23,1118,Recruit,S5,T3,
2/15/23,1119,Recruit,S5,T3,
2/15/23,1120,Recruit,S5,T3,
2/15/23,1121,Recruit,S5,T3,
2/15/23,1122,Recruit,S5,T3,
2/15/23,1124,NA,S5,T3,
2/15/23,1123,Recruit,S5,T3,
2/15/23,1125,Adult,S5,T3,
2/15/23,1126,Adult,S5,T3,
2/15/23,1127,Recruit,S5,T3,
2/15/23,1128,Adult,S5,T3,
2/15/23,1129,Recruit,S5,T3,
2/15/23,1130,Adult,S5,T3,
2/15/23,1131,Adult,S5,T3,
2/15/23,1132,Recruit,S5,T3,
2/15/23,1134,Recruit,S5,T3,
2/15/23,1135,Recruit,S5,T3,
2/15/23,1136,Recruit,S5,T3,
2/15/23,1137,Recruit,S5,T3,
2/15/23,1138,Adult,S5,T3,
2/15/23,1139,Adult,S5,T3,
2/15/23,1140,Recruit,S5,T3,
2/15/23,1141,Recruit,S5,T3,
2/15/23,1142,Recruit,S5,T3,
2/15/23,1143,Recruit,S5,T3,
2/15/23,1144,Recruit,S5,T3,
2/15/23,1145,Recruit,S5,T3,
2/15/23,1146,Recruit,S5,T3,
2/15/23,1147,Recruit,S5,T3,
2/15/23,1153,Adult,S5,T3,
2/15/23,1156,Recruit,S5,T3,
2/15/23,1158,Recruit,S5,T3,
2/15/23,1159,Recruit,S5,T3,
2/15/23,1160,Adult,S5,T3,
2/16/23,1148,Recruit,S5,T4,
2/16/23,1149,Recruit,S5,T4,
2/16/23,1150,Recruit,S5,T4,
2/16/23,1151,Recruit,S5,T4,
2/16/23,1152,Recruit,S5,T4,
2/16/23,1154,Recruit,S5,T4,
2/16/23,1155,Recruit,S5,T4,
2/16/23,1157,Recruit,S5,T4,
2/16/23,1183,Recruit,S5,T4,
2/16/23,1184,Recruit,S5,T4,
2/16/23,1185,Recruit,S5,T4,
2/16/23,1186,Recruit,S5,T4,
2/16/23,1187,Recruit,S5,T4,
2/16/23,1188,Adult,S5,T4,
2/16/23,1189,Recruit,S5,T4,
2/16/23,1190,Recruit,S5,T4,
2/16/23,1191,Adult,S5,T4,
2/16/23,1192,Recruit,S5,T4,
2/16/23,1193,Recruit,S5,T4,
2/16/23,1194,Recruit,S5,T4,
2/16/23,1195,Recruit,S5,T4,
2/16/23,1196,Recruit,S5,T4,
2/16/23,1197,Recruit,S5,T4,
2/16/23,1198,Recruit,S5,T4,
2/16/23,1199,Recruit,S5,T4,
2/16/23,1200,Recruit,S5,T4,
2/16/23,1201,Adult,S5,T4,
2/16/23,1202,Recruit,S5,T4,
2/16/23,1204,NA,S5,T4,
2/16/23,1203,Recruit,S5,T4,
2/16/23,1205,Recruit,S5,T4,
2/16/23,1206,Recruit,S5,T4,
2/16/23,1207,Recruit,S5,T4,
2/16/23,1208,Recruit,S5,T4,
2/16/23,1209,Recruit,S5,T4,
2/16/23,1210,Recruit,S5,T4,
2/16/23,1211,Adult,S5,T4,
2/16/23,1212,Adult,S5,T4,
2/16/23,1213,Adult,S5,T4,
2/16/23,1214,Adult,S5,T4,
2/16/23,1215,Recruit,S5,T4,
2/16/23,1216,Recruit,S5,T4,
2/16/23,1217,Recruit,S5,T4,
2/16/23,1218,Recruit,S5,T4,
2/16/23,1219,Recruit,S5,T4,
2/16/23,1220,Recruit,S5,T4,
2/16/23,1221,Recruit,S5,T4,
2/16/23,1222,Recruit,S5,T4,
2/16/23,1223,Recruit,S5,T4,
2/16/23,1224,Recruit,S5,T4,
2/16/23,1225,Recruit,S5,T4,
2/16/23,1226,Recruit,S5,T4,
2/16/23,1227,Recruit,S5,T4,
2/16/23,1228,Recruit,S5,T4,
2/16/23,1229,Recruit,S5,T4,
2/16/23,1230,Recruit,S5,T4,
2/16/23,1261,Recruit,S5,T4,
2/16/23,1262,Recruit,S5,T4,
2/16/23,1263,Recruit,S5,T4,
2/16/23,1264,Recruit,S5,T4,
2/16/23,1265,Recruit,S5,T4,
2/16/23,1266,Recruit,S5,T4,
2/16/23,1267,Recruit,S5,T4,
2/20/23,1239,Recruit,S1,T1,
2/20/23,1240,Adult,S1,T1,
2/20/23,1241,Adult,S1,T1,
2/20/23,1242,Adult,S1,T1,
2/20/23,1243,Recruit,S1,T1,
2/20/23,1244,Adult,S1,T1,
2/20/23,1245,Adult,S1,T1,
2/20/23,1246,Adult,S1,T1,
2/20/23,1247,Recruit,S1,T1,
2/20/23,1248,Adult,S1,T1,
2/20/23,1249,Adult,S1,T1,
2/20/23,1250,Recruit,S1,T1,
2/20/23,1251,Recruit,S1,T1,
2/20/23,1252,Adult,S1,T1,
2/20/23,1253,Recruit,S1,T1,
2/20/23,1254,Recruit,S1,T1,
2/20/23,1255,Recruit,S1,T1,
2/20/23,1256,Recruit,S1,T1,
2/20/23,1257,Recruit,S1,T1,
2/20/23,1258,Recruit,S1,T1,
2/20/23,1259,Adult,S1,T1,
2/20/23,1260,Recruit,S1,T1,
2/20/23,1232,Adult,S1,T2,
2/20/23,1233,Recruit,S1,T2,
2/20/23,1234,Recruit,S1,T2,
2/20/23,1235,Adult,S1,T2,
2/20/23,1236,Adult,S1,T2,
2/20/23,1237,Recruit,S1,T2,
2/20/23,1238,Recruit,S1,T2,
2/21/23,1231,Recruit,S1,T3,
2/21/23,1268,Recruit,S1,T3,
2/21/23,1269,Adult,S1,T3,
2/21/23,1270,Adult,S1,T3,
2/21/23,1271,Recruit,S1,T3,
2/21/23,1272,Recruit,S1,T3,
2/21/23,1273,Recruit,S1,T3,
2/21/23,1274,Adult,S1,T3,
2/21/23,1275,Recruit,S1,T3,
2/21/23,1276,Adult,S1,T3,
2/21/23,1277,Recruit,S1,T3,
2/21/23,1278,Recruit,S1,T3,
2/21/23,1279,Adult,S1,T3,
2/21/23,1280,Adult,S1,T3,
2/21/23,1282,Adult,S1,T3,
2/21/23,1286,Adult,S1,T3,
2/21/23,1306,Adult,S1,T3,
2/21/23,1307,Recruit,S1,T3,
2/21/23,1309,Adult,S1,T3,
2/21/23,1310,Recruit,S1,T3,
2/21/23,1311,Adult,S1,T3,
2/21/23,1312,Adult,S1,T3,
2/21/23,1313,Adult,S1,T3,
2/21/23,1314,NA,S1,T3,
2/21/23,1315,Recruit,S1,T3,
2/21/23,1347,Recruit,S1,T3,
2/21/23,1281,Adult,S1,T4,
2/21/23,1283,Adult,S1,T4,
2/21/23,1284,Recruit,S1,T4,
2/21/23,1308,Recruit,S1,T4,
2/21/23,1285,Recruit,S1,T5,
2/21/23,1287,Recruit,S1,T5,
2/21/23,1304,Recruit,S1,T5,
2/21/23,1305,Adult,S1,T5,
2/21/23,1314,Adult,S1,T5,
2/21/23,1288,Recruit,S1,T6,
2/21/23,1289,Recruit,S1,T6,
2/21/23,1290,Recruit,S1,T6,
2/21/23,1291,Recruit,S1,T6,
2/21/23,1292,Recruit,S1,T6,
2/21/23,1293,Recruit,S1,T6,
3/9/23,1294,Adult,S5,T5,
3/9/23,1295,Adult,S5,T5,
3/9/23,1296,Adult,S5,T5,
3/9/23,1297,Recruit,S5,T5,
3/9/23,1298,Recruit,S5,T5,
3/9/23,1299,Recruit,S5,T5,
3/9/23,1300,Recruit,S5,T5,
3/9/23,1301,Adult,S5,T5,
3/9/23,1302,Adult,S5,T5,
3/9/23,1303,Adult,S5,T5,
3/9/23,1316,Adult,S5,T5,
3/9/23,1326,Recruit,S5,T5,
3/9/23,1327,Adult,S5,T5,
3/9/23,1328,Adult,S5,T5,
3/9/23,1329,Recruit,S5,T5,
3/9/23,1330,Adult,S5,T5,
3/9/23,1331,Recruit,S5,T5,
3/9/23,1332,Recruit,S5,T5,
3/9/23,1333,Adult,S5,T5,
3/9/23,1334,NA,S5,T5,
3/9/23,1335,Recruit,S5,T5,
3/9/23,1336,Adult,S5,T5,
3/9/23,1337,Recruit,S5,T5,
3/9/23,1338,Recruit,S5,T5,
3/9/23,1339,Recruit,S5,T5,
3/9/23,1340,Recruit,S5,T5,
3/9/23,1341,Recruit,S5,T5,
3/9/23,1342,Recruit,S5,T5,
3/9/23,1343,Recruit,S5,T5,
3/9/23,1344,Adult,S5,T5,
3/9/23,1345,Recruit,S5,T5,
3/9/23,1346,Recruit,S5,T5,
3/16/23,1317,Adult,S15,T1,
3/16/23,1318,Adult,S15,T1,
3/16/23,1319,Recruit,S15,T1,
3/16/23,1320,Adult,S15,T1,
3/16/23,1321,Adult,S15,T1,
3/16/23,1322,Recruit,S15,T1,
3/16/23,1324,Recruit,S15,T1,
3/16/23,1325,Recruit,S15,T1,
3/16/23,1348,Recruit,S15,T1,
3/16/23,1384,Adult,S15,T1,
3/16/23,1385,Adult,S15,T1,
3/16/23,1386,Adult,S15,T1,
3/16/23,1387,Adult,S15,T1,
3/16/23,1388,Recruit,S15,T1,
3/16/23,1389,Recruit,S15,T1,
3/16/23,1390,Recruit,S15,T1,
3/16/23,1391,Recruit,S15,T1,
3/16/23,1392,Adult,S15,T1,
3/16/23,1393,Adult,S15,T1,
3/16/23,1394,Adult,S15,T1,
3/16/23,1395,Recruit,S15,T1,
3/16/23,1396,Adult,S15,T1,
3/16/23,1397,Adult,S15,T1,
3/16/23,1398,Adult,S15,T1,
3/16/23,1399,Adult,S15,T1,
3/16/23,1400,Adult,S15,T1,
3/16/23,1401,Adult,S15,T1,
3/16/23,1402,Recruit,S15,T1,
3/16/23,1403,Adult,S15,T1,
3/16/23,1404,Recruit,S15,T1,
3/16/23,1405,Recruit,S15,T1,
3/16/23,1406,Recruit,S15,T1,
3/16/23,1407,Adult,S15,T1,
3/16/23,1408,Recruit,S15,T1,
3/16/23,1409,Adult,S15,T1,
3/16/23,1410,Recruit,S15,T1,
3/16/23,1411,Recruit,S15,T1,
3/16/23,1412,Recruit,S15,T1,
3/16/23,1413,Adult,S15,T1,
3/16/23,1414,Adult,S15,T1,
3/16/23,1415,Adult,S15,T1,
3/16/23,1416,Recruit,S15,T1,
3/16/23,1417,Recruit,S15,T1,
3/16/23,1418,Adult,S15,T1,
3/16/23,1419,NA,S15,T1,
3/16/23,1420,Recruit,S15,T1,
3/16/23,1421,Adult,S15,T1,
3/16/23,1422,Recruit,S15,T1,
3/16/23,1423,Recruit,S15,T1,
3/16/23,1424,Recruit,S15,T1,
3/16/23,1425,Recruit,S15,T1,
3/16/23,1426,Adult,S15,T1,
3/16/23,1427,Recruit,S15,T1,
3/16/23,1428,Recruit,S15,T1,
3/16/23,1429,Recruit,S15,T1,
3/16/23,1430,Recruit,S15,T1,
3/16/23,1431,Adult,S15,T1,
3/16/23,1432,Adult,S15,T1,
3/16/23,1433,Recruit,S15,T1,
3/16/23,1434,Recruit,S15,T1,
3/16/23,1435,Adult,S15,T1,
3/16/23,1436,Recruit,S15,T1,
3/16/23,1437,Recruit,S15,T1,
3/16/23,1438,Adult,S15,T1,
3/16/23,1439,Adult,S15,T1,
3/16/23,1440,Recruit,S15,T1,
3/16/23,1441,Recruit,S15,T1,Not sure is a POC
3/16/23,1442,Adult,S15,T1,
3/16/23,1443,Recruit,S15,T1,
3/16/23,1444,Recruit,S15,T1,
3/16/23,1445,Adult,S15,T1,
3/16/23,1446,Recruit,S15,T1,
3/16/23,1447,Recruit,S15,T1,
3/16/23,1448,Recruit,S15,T1,
3/16/23,1449,Adult,S15,T1,
3/16/23,1450,Adult,S15,T1,
3/16/23,1451,Adult,S15,T1,
3/16/23,1453,Recruit,S15,T1,
3/16/23,1460,Recruit,S15,T1,
3/16/23,1461,Recruit,S15,T1,
3/16/23,1495,Adult,S15,T1,
3/16/23,1496,Adult,S15,T1,
3/16/23,1497,Adult,S15,T1,
3/18/23,1360,NA,S5,T6,
3/18/23,1361,Recruit,S5,T6,
3/18/23,1362,Recruit,S5,T6,
3/18/23,1363,Adult,S5,T6,
3/18/23,1364,Recruit,S5,T6,
3/18/23,1365,Recruit,S5,T6,
3/18/23,1366,Recruit,S5,T6,
3/18/23,1367,Recruit,S5,T6,
3/18/23,1368,Adult,S5,T6,
3/18/23,1369,Recruit,S5,T6,
3/18/23,1370,Recruit,S5,T6,
3/18/23,1371,Recruit,S5,T6,
3/18/23,1372,Recruit,S5,T6,
3/18/23,1373,Recruit,S5,T6,
3/18/23,1374,Recruit,S5,T6,
3/18/23,1375,Recruit,S5,T6,
3/18/23,1376,Recruit,S5,T6,
3/18/23,1377,Recruit,S5,T6,
3/18/23,1378,Recruit,S5,T6,
3/18/23,1379,Recruit,S5,T6,
3/18/23,1380,Recruit,S5,T6,
3/18/23,1381,Adult,S5,T6,
3/18/23,1382,Adult,S5,T6,
3/18/23,1383,Adult,S5,T6,
3/18/23,1454,Adult,S5,T6,
3/18/23,1455,Recruit,S5,T6,
3/18/23,1456,Adult,S5,T6,
3/18/23,1457,Adult,S5,T6,
3/18/23,1458,Recruit,S5,T6,
3/18/23,1462,Recruit,S5,T6,
3/18/23,1463,Recruit,S5,T6,
3/18/23,1464,Recruit,S5,T6,
3/18/23,1465,Recruit,S5,T6,
3/18/23,1466,Recruit,S5,T6,
3/18/23,1467,Adult,S5,T6,
3/18/23,1468,Recruit,S5,T6,
3/18/23,1469,Recruit,S5,T6,
3/18/23,1470,Recruit,S5,T6,
3/18/23,1471,Recruit,S5,T6,
3/18/23,1472,Adult,S5,T6,
3/18/23,1473,Recruit,S5,T6,
3/18/23,1474,Recruit,S5,T6,
3/18/23,1475,Recruit,S5,T6,
3/18/23,1476,Adult,S5,T6,
3/18/23,1477,Recruit,S5,T6,
3/18/23,1478,Recruit,S5,T6,
3/18/23,1479,Recruit,S5,T6,
3/18/23,1480,Recruit,S5,T6,
3/18/23,1481,Recruit,S5,T6,
3/18/23,1482,Recruit,S5,T6,
3/18/23,1483,Adult,S5,T6,
3/18/23,1484,Adult,S5,T6,
3/18/23,1485,Recruit,S5,T6,
3/18/23,1486,Recruit,S5,T6,
3/18/23,1487,Recruit,S5,T6,
3/18/23,1488,Recruit,S5,T6,
3/18/23,1489,Recruit,S5,T6,
3/18/23,1490,Recruit,S5,T6,
3/18/23,1491,Recruit,S5,T6,
3/18/23,1492,Recruit,S5,T6,
3/18/23,1493,Recruit,S5,T6,
3/18/23,1494,Recruit,S5,T6,
3/18/23,1498,Recruit,S5,T6,
3/18/23,1499,Recruit,S5,T6,
3/18/23,1500,Recruit,S5,T6,
3/18/23,1501,Recruit,S5,T6,
3/18/23,1502,Adult,S5,T6,
3/18/23,1503,Recruit,S5,T6,
3/18/23,1522,Adult,S5,T6,
3/18/23,1523,Adult,S5,T6,
3/18/23,1524,Adult,S5,T6,
3/18/23,1525,Recruit,S5,T6,
3/18/23,1526,Adult,S5,T6,
3/18/23,1527,Recruit,S5,T6,
3/18/23,1528,Recruit,S5,T6,
3/18/23,1529,Recruit,S5,T6,
3/18/23,1530,Adult,S5,T6,
3/18/23,1531,Adult,S5,T6,
3/18/23,1532,Adult,S5,T6,
3/18/23,1533,Adult,S5,T6,
3/18/23,1534,Adult,S5,T6,
3/18/23,1535,Recruit,S5,T6,
3/18/23,1536,Recruit,S5,T6,
3/18/23,1537,Recruit,S5,T6,
3/18/23,1538,Adult,S5,T6,
3/18/23,1539,Adult,S5,T6,
3/18/23,1540,Adult,S5,T6,
3/18/23,1591,Recruit,S5,T6,
3/21/23,1349,Adult,S2,T1,
3/21/23,1350,Recruit,S2,T1,
3/21/23,1351,Recruit,S2,T1,
3/21/23,1352,Recruit,S2,T1,
3/21/23,1353,Recruit,S2,T1,
3/21/23,1354,Recruit,S2,T1,
3/21/23,1355,Recruit,S2,T1,
3/21/23,1356,Adult,S2,T1,
3/21/23,1357,Recruit,S2,T1,
3/21/23,1358,Recruit,S2,T1,
3/21/23,1504,Recruit,S2,T1,
3/21/23,1505,Recruit,S2,T1,
3/21/23,1506,Recruit,S2,T1,
3/21/23,1507,Recruit,S2,T1,
3/21/23,1508,Recruit,S2,T1,
3/21/23,1509,Recruit,S2,T1,
3/21/23,1510,Recruit,S2,T1,
3/21/23,1511,Adult,S2,T1,
3/21/23,1512,Recruit,S2,T1,
3/21/23,1513,Recruit,S2,T1,
3/21/23,1514,Recruit,S2,T1,
3/21/23,1515,Recruit,S2,T1,
3/21/23,1516,Recruit,S2,T1,
3/21/23,1517,Recruit,S2,T1,
3/21/23,1518,Adult,S2,T1,
3/21/23,1519,Recruit,S2,T1,
3/21/23,1520,Recruit,S2,T1,
3/21/23,1521,Recruit,S2,T1,
3/21/23,1541,Recruit,S2,T1,
3/21/23,1542,Recruit,S2,T1,
3/21/23,1543,Recruit,S2,T1,
3/21/23,1544,Recruit,S2,T1,
3/21/23,1545,Recruit,S2,T1,
3/21/23,1546,Recruit,S2,T1,
3/21/23,1547,Recruit,S2,T1,
3/21/23,1548,Recruit,S2,T1,
3/21/23,1549,Recruit,S2,T1,
3/21/23,1550,Recruit,S2,T1,
3/21/23,1551,Recruit,S2,T1,
3/21/23,1552,Recruit,S2,T1,
3/21/23,1557,Recruit,S2,T1,
3/21/23,1558,Recruit,S2,T1,
3/21/23,1559,Recruit,S2,T1,
3/21/23,1560,Recruit,S2,T1,
3/21/23,1561,Recruit,S2,T1,
3/21/23,1562,Recruit,S2,T1,
3/21/23,1563,Recruit,S2,T1,
3/21/23,1564,Recruit,S2,T1,
3/21/23,1565,Adult,S2,T1,
3/21/23,1566,Recruit,S2,T1,
3/21/23,1567,Adult,S2,T1,
3/21/23,1568,Recruit,S2,T1,
3/21/23,1569,Recruit,S2,T1,
3/21/23,1570,Adult,S2,T1,
3/21/23,1571,Adult,S2,T1,
3/21/23,1572,Recruit,S2,T1,
3/21/23,1573,Recruit,S2,T1,
3/21/23,1594,Recruit,S2,T1,
3/21/23,1595,Adult,S2,T1,
3/21/23,1596,Recruit,S2,T1,
3/21/23,1597,Recruit,S2,T1,
3/21/23,1598,Recruit,S2,T1,
3/21/23,1599,Recruit,S2,T1,
3/21/23,1600,Recruit,S2,T1,
3/21/23,1601,Recruit,S2,T1,
3/21/23,1602,Recruit,S2,T1,
3/21/23,1603,Recruit,S2,T1,
3/21/23,1604,Recruit,S2,T1,
3/21/23,1605,Recruit,S2,T1,
3/21/23,1606,Recruit,S2,T1,
3/21/23,1607,Recruit,S2,T1,
3/21/23,1608,Recruit,S2,T1,
3/21/23,1609,Recruit,S2,T1,
3/21/23,1610,Recruit,S2,T1,
3/21/23,1611,Recruit,S2,T1,
3/21/23,1612,Recruit,S2,T1,
3/21/23,1613,Recruit,S2,T1,
3/21/23,1614,Recruit,S2,T1,
3/21/23,1615,Recruit,S2,T1,
3/21/23,1616,Recruit,S2,T1,
3/21/23,1617,Recruit,S2,T1,
3/21/23,1618,Recruit,S2,T1,
3/21/23,1619,Recruit,S2,T1,
3/21/23,1620,Recruit,S2,T1,
3/21/23,1621,Recruit,S2,T1,
3/21/23,1622,Recruit,S2,T1,
3/21/23,1624,Recruit,S2,T1,
3/21/23,1625,Recruit,S2,T1,
3/21/23,1626,Recruit,S2,T1,
3/21/23,1627,Recruit,S2,T1,
3/21/23,1628,Recruit,S2,T1,
3/21/23,1629,Recruit,S2,T1,
3/21/23,1630,Adult,S2,T1,
3/21/23,1631,Adult,S2,T1,
3/21/23,1632,Recruit,S2,T1,
3/21/23,1633,Recruit,S2,T1,
3/21/23,1634,Recruit,S2,T1,
3/21/23,1635,Adult,S2,T1,
3/21/23,1636,Recruit,S2,T1,
3/21/23,1637,Recruit,S2,T1,
3/21/23,1638,Recruit,S2,T1,
3/21/23,1639,Recruit,S2,T1,
3/21/23,1640,Recruit,S2,T1,
3/21/23,1641,Recruit,S2,T1,
3/21/23,1642,Recruit,S2,T1,
3/21/23,1643,Recruit,S2,T1,
3/21/23,1644,Recruit,S2,T1,
3/21/23,1645,Recruit,S2,T1,
3/21/23,1646,Recruit,S2,T1,
3/21/23,1647,Recruit,S2,T1,
3/21/23,1648,Recruit,S2,T1,
3/21/23,1649,Recruit,S2,T1,
3/23/23,1553,Recruit,S2,T2,
3/23/23,1554,Recruit,S2,T2,
3/23/23,1555,Recruit,S2,T2,
3/23/23,1556,Recruit,S2,T2,
3/23/23,1574,Recruit,S2,T2,
3/23/23,1575,Recruit,S2,T2,
3/23/23,1576,Recruit,S2,T2,
3/23/23,1577,Recruit,S2,T2,
3/23/23,1578,Recruit,S2,T2,
3/23/23,1579,Recruit,S2,T2,
3/23/23,1580,Recruit,S2,T2,
3/23/23,1581,Recruit,S2,T2,
3/23/23,1582,Recruit,S2,T2,
3/23/23,1583,Recruit,S2,T2,
3/23/23,1584,Recruit,S2,T2,
3/23/23,1585,Recruit,S2,T2,
3/23/23,1586,Recruit,S2,T2,
3/23/23,1587,Recruit,S2,T2,
3/23/23,1588,Recruit,S2,T2,
3/23/23,1589,Recruit,S2,T2,
3/23/23,1590,Recruit,S2,T2,
3/23/23,1592,Recruit,S2,T2,
3/23/23,1593,Recruit,S2,T2,
3/23/23,1650,Recruit,S2,T2,
3/23/23,1651,Recruit,S2,T2,
3/23/23,1652,Recruit,S2,T2,
3/23/23,1653,Recruit,S2,T2,
3/23/23,1654,Recruit,S2,T2,
3/23/23,1655,Recruit,S2,T2,
3/23/23,1656,Recruit,S2,T2,
3/23/23,1657,Recruit,S2,T2,
3/23/23,1658,Recruit,S2,T2,
3/23/23,1659,Recruit,S2,T2,
3/23/23,1660,Adult,S2,T2,
3/23/23,1661,Recruit,S2,T2,
3/23/23,1662,Recruit,S2,T2,
3/23/23,1663,Recruit,S2,T2,
3/23/23,1664,Recruit,S2,T2,
3/23/23,1665,Recruit,S2,T2,
3/23/23,1666,Recruit,S2,T2,
3/23/23,1667,Recruit,S2,T2,
3/23/23,1668,Recruit,S2,T2,
3/23/23,1669,Recruit,S2,T2,
3/23/23,1670,Recruit,S2,T2,
3/23/23,1671,Recruit,S2,T2,
3/23/23,1672,Recruit,S2,T2,
3/23/23,1673,Recruit,S2,T2,
3/23/23,1674,Recruit,S2,T2,
3/23/23,1675,Recruit,S2,T2,
3/23/23,1676,Recruit,S2,T2,
3/23/23,1678,Recruit,S2,T2,
3/23/23,1679,Recruit,S2,T2,
3/23/23,1680,Recruit,S2,T2,
3/23/23,1681,Recruit,S2,T2,
3/23/23,1682,Recruit,S2,T2,
3/23/23,1683,Recruit,S2,T2,
3/23/23,1684,Recruit,S2,T2,
3/23/23,1685,Recruit,S2,T2,
3/23/23,1686,Recruit,S2,T2,
3/23/23,1689,Recruit,S2,T2,
3/23/23,1690,Recruit,S2,T2,
3/23/23,1691,Recruit,S2,T2,
3/23/23,1692,Recruit,S2,T2,
3/23/23,1693,Recruit,S2,T2,
3/23/23,1694,Recruit,S2,T2,
3/23/23,1711,Recruit,S2,T2,
3/23/23,1712,Recruit,S2,T2,
3/23/23,1713,Recruit,S2,T2,
3/23/23,1714,Recruit,S2,T2,
3/23/23,1715,Recruit,S2,T2,
3/23/23,1716,Recruit,S2,T2,
3/23/23,1717,Recruit,S2,T2,
3/23/23,1718,Adult,S2,T2,
3/23/23,1719,Adult,S2,T2,
3/23/23,1720,Recruit,S2,T2,
3/23/23,1721,Recruit,S2,T2,
3/23/23,1722,Adult,S2,T2,
3/23/23,1723,Recruit,S2,T2,
3/23/23,1724,Recruit,S2,T2,
3/23/23,1725,Recruit,S2,T2,
3/23/23,1726,Recruit,S2,T2,
3/23/23,1727,Recruit,S2,T2,
3/23/23,1728,Recruit,S2,T2,
3/23/23,1729,Recruit,S2,T2,
3/23/23,1730,Recruit,S2,T2,
3/23/23,1731,Recruit,S2,T2,
3/23/23,1732,Recruit,S2,T2,
3/23/23,1733,Recruit,S2,T2,
3/23/23,1734,Recruit,S2,T2,
3/23/23,1735,Recruit,S2,T2,
3/23/23,1736,Recruit,S2,T2,
3/23/23,1737,Recruit,S2,T2,
3/23/23,1738,Recruit,S2,T2,
3/23/23,1739,Recruit,S2,T2,
3/27/23,1690,Recruit,S2,T3,
3/27/23,1695,Recruit,S2,T3,
3/27/23,1697,Recruit,S2,T3,
3/27/23,1698,Adult,S2,T3,
3/27/23,1699,Recruit,S2,T3,
3/27/23,1700,Recruit,S2,T3,
3/27/23,1701,Adult,S2,T3,
3/27/23,1702,Adult,S2,T3,
3/27/23,1703,Adult,S2,T3,
3/27/23,1704,Adult,S2,T3,
3/27/23,1705,Adult,S2,T3,
3/27/23,1706,Recruit,S2,T3,
3/27/23,1707,Recruit,S2,T3,
3/27/23,1708,Recruit,S2,T3,
3/27/23,1709,Adult,S2,T3,
3/27/23,1710,Adult,S2,T3,
3/27/23,1738,Recruit,S2,T3,
3/27/23,1740,Recruit,S2,T3,
3/27/23,1741,Recruit,S2,T3,
3/27/23,1742,Adult,S2,T3,
3/27/23,1743,Recruit,S2,T3,
3/27/23,1744,Recruit,S2,T3,
3/27/23,1745,Recruit,S2,T3,
3/27/23,1746,Recruit,S2,T3,
3/27/23,1747,Adult,S2,T3,
3/27/23,1748,Adult,S2,T3,
3/27/23,1749,Recruit,S2,T3,
3/27/23,1750,Recruit,S2,T3,
3/27/23,1751,Adult,S2,T3,
3/27/23,1752,Recruit,S2,T3,
3/27/23,1753,Recruit,S2,T3,
3/27/23,1754,Recruit,S2,T3,
3/27/23,1755,Recruit,S2,T3,
3/27/23,1756,Recruit,S2,T3,
3/27/23,1757,Recruit,S2,T3,
3/27/23,1758,Recruit,S2,T3,
3/27/23,1759,Recruit,S2,T3,
3/27/23,1760,Recruit,S2,T3,
3/27/23,1761,Recruit,S2,T3,
3/27/23,1762,Recruit,S2,T3,
3/27/23,1763,Recruit,S2,T3,
3/27/23,1764,Recruit,S2,T3,
3/27/23,1765,Recruit,S2,T3,
3/27/23,1766,Recruit,S2,T3,
3/27/23,1767,Recruit,S2,T3,
3/27/23,1768,Recruit,S2,T3,
3/27/23,1769,Recruit,S2,T3,
3/27/23,1770,Recruit,S2,T3,
3/27/23,1771,Recruit,S2,T3,
3/27/23,1772,Recruit,S2,T3,
3/27/23,1773,Adult,S2,T3,
3/27/23,1774,Adult,S2,T3,
3/27/23,1775,Adult,S2,T3,
3/27/23,1776,Recruit,S2,T3,
3/27/23,1777,Recruit,S2,T3,
3/27/23,1778,Adult,S2,T3,
3/27/23,1795,Recruit,S2,T3,
3/27/23,1796,Recruit,S2,T3,
3/27/23,1797,Recruit,S2,T3,
3/27/23,1798,Recruit,S2,T3,
3/27/23,1799,Recruit,S2,T3,
3/27/23,1800,Recruit,S2,T3,
3/27/23,1801,Recruit,S2,T3,
3/27/23,1802,Recruit,S2,T3,
3/27/23,1803,Recruit,S2,T3,
3/27/23,1804,Recruit,S2,T3,
3/27/23,1805,Recruit,S2,T3,
3/27/23,1806,Recruit,S2,T3,
3/27/23,1807,Recruit,S2,T3,
3/27/23,1808,Adult,S2,T3,
3/27/23,1809,Recruit,S2,T3,
3/27/23,1810,Recruit,S2,T3,
3/27/23,1811,Recruit,S2,T3,
3/27/23,1812,Recruit,S2,T3,
3/27/23,1813,Adult,S2,T3,
3/27/23,1814,Recruit,S2,T3,
3/27/23,1815,Adult,S2,T3,
3/27/23,1816,Recruit,S2,T3,
3/27/23,1817,Recruit,S2,T3,
3/27/23,1818,Recruit,S2,T3,
3/27/23,1819,Recruit,S2,T3,
3/27/23,1820,Recruit,S2,T3,
3/27/23,1821,Recruit,S2,T3,
3/27/23,1822,Recruit,S2,T3,
3/27/23,1823,Recruit,S2,T3,
3/27/23,1824,Recruit,S2,T3,
3/27/23,1825,Recruit,S2,T3,
3/27/23,1826,Recruit,S2,T3,
3/27/23,1827,Recruit,S2,T3,
3/27/23,1828,Recruit,S2,T3,
3/27/23,1829,Recruit,S2,T3,
3/27/23,1830,Recruit,S2,T3,
3/27/23,1831,Recruit,S2,T3,
3/27/23,1832,Recruit,S2,T3,
3/27/23,1833,Adult,S2,T3,
3/27/23,1834,Recruit,S2,T3,
3/27/23,1835,Recruit,S2,T3,
3/27/23,1836,Recruit,S2,T3,
3/27/23,1837,Adult,S2,T3,
3/27/23,1838,NA,S2,T3,
3/27/23,1839,Recruit,S2,T3,
3/28/23,1779,Recruit,S2,T4,
3/28/23,1780,Recruit,S2,T4,
3/28/23,1781,Recruit,S2,T4,
3/28/23,1782,Recruit,S2,T4,
3/28/23,1783,Adult,S2,T4,
3/28/23,1784,Recruit,S2,T4,
3/28/23,1785,Recruit,S2,T4,
3/28/23,1786,Recruit,S2,T4,
3/28/23,1787,Recruit,S2,T4,
3/28/23,1788,Recruit,S2,T4,
3/28/23,1789,Recruit,S2,T4,
3/28/23,1790,Recruit,S2,T4,
3/28/23,1791,Recruit,S2,T4,
3/28/23,1792,Recruit,S2,T4,
3/28/23,1793,Recruit,S2,T4,
3/28/23,1794,Recruit,S2,T4,
3/28/23,1840,Recruit,S2,T4,
3/28/23,1841,Recruit,S2,T4,
3/28/23,1842,Recruit,S2,T4,
3/28/23,1843,Recruit,S2,T4,
3/28/23,1844,Recruit,S2,T4,
3/28/23,1845,Recruit,S2,T4,
3/28/23,1846,Adult,S2,T4,
3/28/23,1847,Recruit,S2,T4,
3/28/23,1848,Recruit,S2,T4,
3/28/23,1849,Recruit,S2,T4,
3/28/23,1850,Recruit,S2,T4,
3/28/23,1851,Recruit,S2,T4,
3/28/23,1852,Recruit,S2,T4,
3/28/23,1853,Adult,S2,T4,
3/28/23,1854,Recruit,S2,T4,
3/28/23,1855,Adult,S2,T4,
3/28/23,1856,Recruit,S2,T4,
3/28/23,1857,Recruit,S2,T4,
3/28/23,1858,Recruit,S2,T4,
3/28/23,1859,Recruit,S2,T4,
3/28/23,1860,Recruit,S2,T4,
3/28/23,1861,Recruit,S2,T4,
3/28/23,1862,Recruit,S2,T4,
3/28/23,1863,Recruit,S2,T4,
3/28/23,1864,Recruit,S2,T4,
3/28/23,1865,Adult,S2,T4,
3/28/23,1866,Recruit,S2,T4,
3/28/23,1867,Adult,S2,T4,
3/28/23,1868,Recruit,S2,T4,
3/28/23,1869,Recruit,S2,T4,
3/28/23,1870,Recruit,S2,T4,
3/28/23,1871,Recruit,S2,T4,
3/28/23,1872,Recruit,S2,T4,
3/28/23,1873,Recruit,S2,T4,
3/28/23,1874,Recruit,S2,T4,
3/28/23,1875,Recruit,S2,T4,
3/28/23,1876,Recruit,S2,T4,
3/28/23,1877,Recruit,S2,T4,
3/28/23,1878,Recruit,S2,T4,
3/28/23,1879,Recruit,S2,T4,
3/28/23,1880,Recruit,S2,T4,
3/28/23,1881,Recruit,S2,T4,
3/28/23,1882,Recruit,S2,T4,
3/28/23,1883,Recruit,S2,T4,
3/28/23,1884,Recruit,S2,T4,
3/28/23,1885,Recruit,S2,T4,
3/28/23,1886,Recruit,S2,T4,
3/28/23,1887,Recruit,S2,T4,
3/28/23,1888,Recruit,S2,T4,
3/28/23,1889,Adult,S2,T4,
3/28/23,1890,Recruit,S2,T4,
3/28/23,1891,Recruit,S2,T4,
3/28/23,1938,Recruit,S2,T4,
3/28/23,1939,Recruit,S2,T4,
3/28/23,1940,Recruit,S2,T4,
3/28/23,1941,Recruit,S2,T4,
3/28/23,1942,Recruit,S2,T4,
3/28/23,1943,Recruit,S2,T4,
3/28/23,1944,Recruit,S2,T4,
3/28/23,1945,Recruit,S2,T4,
3/28/23,1946,Recruit,S2,T4,
3/28/23,1947,Recruit,S2,T4,
3/28/23,1948,Adult,S2,T4,
3/28/23,1949,Adult,S2,T4,
3/28/23,1950,Recruit,S2,T4,
3/28/23,1951,Recruit,S2,T4,
3/28/23,1952,Recruit,S2,T4,
3/28/23,1953,Recruit,S2,T4,
3/28/23,1954,Recruit,S2,T4,
3/28/23,1955,Recruit,S2,T4,
3/28/23,1956,Recruit,S2,T4,
3/28/23,1957,Recruit,S2,T4,
3/28/23,1958,Recruit,S2,T4,
3/31/23,1892,Adult,S2,T5,
3/31/23,1893,Recruit,S2,T5,
3/31/23,1894,Recruit,S2,T5,
3/31/23,1895,Recruit,S2,T5,
3/31/23,1896,Recruit,S2,T5,
3/31/23,1897,Recruit,S2,T5,
3/31/23,1898,Recruit,S2,T5,
3/31/23,1899,Recruit,S2,T5,
3/31/23,1900,Recruit,S2,T5,
3/31/23,1901,Recruit,S2,T5,
3/31/23,1902,Recruit,S2,T5,
3/31/23,1903,Recruit,S2,T5,
3/31/23,1904,Recruit,S2,T5,
3/31/23,1905,Recruit,S2,T5,
3/31/23,1906,Recruit,S2,T5,
3/31/23,1907,Recruit,S2,T5,
3/31/23,1908,Recruit,S2,T5,
3/31/23,1909,Recruit,S2,T5,
3/31/23,1910,Recruit,S2,T5,
3/31/23,1911,Recruit,S2,T5,
3/31/23,1912,Recruit,S2,T5,
3/31/23,1913,Recruit,S2,T5,
3/31/23,1914,Recruit,S2,T5,
3/31/23,1915,Recruit,S2,T5,
3/31/23,1916,Recruit,S2,T5,
3/31/23,1917,Recruit,S2,T5,
3/31/23,1918,Recruit,S2,T5,
3/31/23,1919,Recruit,S2,T5,
3/31/23,1920,Recruit,S2,T5,
3/31/23,1921,Recruit,S2,T5,
3/31/23,1922,Recruit,S2,T5,
3/31/23,1923,Recruit,S2,T5,
3/31/23,1924,Recruit,S2,T5,
3/31/23,1925,Recruit,S2,T5,
3/31/23,1926,Recruit,S2,T5,
3/31/23,1927,Recruit,S2,T5,
3/31/23,1928,Recruit,S2,T5,
3/31/23,1929,Recruit,S2,T5,
3/31/23,1930,Recruit,S2,T5,
3/31/23,1931,Recruit,S2,T5,
3/31/23,1932,Recruit,S2,T5,
3/31/23,1933,Recruit,S2,T5,
3/31/23,1934,Recruit,S2,T5,
3/31/23,1935,Recruit,S2,T5,
3/31/23,1936,Recruit,S2,T5,
3/31/23,1937,Recruit,S2,T5,
3/31/23,1959,Recruit,S2,T5,
3/31/23,1960,Recruit,S2,T5,
3/31/23,1961,Adult,S2,T5,
3/31/23,1962,Adult,S2,T5,
3/31/23,1963,Recruit,S2,T5,
3/31/23,1964,Recruit,S2,T5,
3/31/23,1965,Adult,S2,T5,
3/31/23,1966,Recruit,S2,T5,
3/31/23,1967,Adult,S2,T5,
3/31/23,1968,Recruit,S2,T5,
3/31/23,1969,Recruit,S2,T5,
3/31/23,1970,Recruit,S2,T5,
3/31/23,1971,Recruit,S2,T5,
3/31/23,1972,Recruit,S2,T5,
3/31/23,1973,Recruit,S2,T5,
3/31/23,1974,Recruit,S2,T5,
3/31/23,1975,Recruit,S2,T5,
3/31/23,1976,Recruit,S2,T5,
3/31/23,1977,Adult,S2,T5,
3/31/23,1978,Adult,S2,T5,
3/31/23,1979,Recruit,S2,T5,
3/31/23,1980,Recruit,S2,T5,
3/31/23,1981,Recruit,S2,T5,
3/31/23,1982,Recruit,S2,T5,
3/31/23,1983,Recruit,S2,T5,
3/31/23,1984,Recruit,S2,T5,
3/31/23,1985,Adult,S2,T5,
3/31/23,1986,Adult,S2,T5,
3/31/23,1987,Recruit,S2,T5,
3/31/23,1988,Recruit,S2,T5,
3/31/23,1989,Adult,S2,T5,
3/31/23,1990,Recruit,S2,T5,
3/31/23,1991,Recruit,S2,T5,
3/31/23,1992,Recruit,S2,T5,
3/31/23,1993,Recruit,S2,T5,
3/31/23,1994,Recruit,S2,T5,
3/31/23,1995,Adult,S2,T5,
3/31/23,1996,Recruit,S2,T5,
3/31/23,1997,Recruit,S2,T5,
3/31/23,1998,Recruit,S2,T5,
3/31/23,1999,Recruit,S2,T5,
3/31/23,2000,Recruit,S2,T5,
3/31/23,2001,Recruit,S2,T5,
3/31/23,2002,Recruit,S2,T5,
3/31/23,2003,Recruit,S2,T5,
3/31/23,2004,Recruit,S2,T5,
3/31/23,2005,Recruit,S2,T5,
3/31/23,2006,Recruit,S2,T5,
3/31/23,2007,Recruit,S2,T5,
3/31/23,2008,Recruit,S2,T5,
3/31/23,2009,Recruit,S2,T5,
3/31/23,2010,Recruit,S2,T5,
3/31/23,2011,Recruit,S2,T5,
3/31/23,2012,Recruit,S2,T5,
3/31/23,2013,Recruit,S2,T5,
3/31/23,2014,Recruit,S2,T5,
3/31/23,2015,Recruit,S2,T5,
3/31/23,2016,Recruit,S2,T5,
3/31/23,2017,Recruit,S2,T5,
3/31/23,2018,Recruit,S2,T5,
3/31/23,2019,Recruit,S2,T5,
3/31/23,2020,Recruit,S2,T5,
3/31/23,2021,Recruit,S2,T5,
3/31/23,2022,Recruit,S2,T5,
3/31/23,2023,Recruit,S2,T5,
3/31/23,2024,Recruit,S2,T5,
3/31/23,2025,Recruit,S2,T5,
3/31/23,2026,Recruit,S2,T5,
3/31/23,2085,Recruit,S2,T5,
3/31/23,2086,Recruit,S2,T5,
3/31/23,2087,Recruit,S2,T5,
3/31/23,2088,Recruit,S2,T5,
3/31/23,2089,Recruit,S2,T5,
3/31/23,2090,Recruit,S2,T5,
3/31/23,2091,Recruit,S2,T5,
3/31/23,2092,Recruit,S2,T5,
3/31/23,2093,Recruit,S2,T5,
3/31/23,2094,Recruit,S2,T5,
3/31/23,2095,Recruit,S2,T5,
3/31/23,2096,Recruit,S2,T5,
3/31/23,2097,Recruit,S2,T5,
3/31/23,2098,Recruit,S2,T5,
3/31/23,2099,Recruit,S2,T5,
6/18/23,2100,Adult,S11,T1,
6/18/23,2101,Adult,S11,T1,
6/18/23,2102,Adult,S11,T1,
6/18/23,2103,Recruit,S11,T1,
6/18/23,2104,Recruit,S11,T1,
6/18/23,2150,Adult,S11,T1,
6/18/23,2163,Adult,S11,T1,
6/18/23,2168,Recruit,S11,T1,
6/18/23,2169,Recruit,S11,T1,
6/18/23,2237,Adult,S11,T1,
6/18/23,2240,Recruit,S11,T1,
6/18/23,2241,Adult,S11,T1,
6/18/23,2242,Recruit,S11,T1,
6/18/23,2243,Adult,S11,T1,
6/18/23,2244,Adult,S11,T1,
6/18/23,2245,Adult,S11,T1,
6/18/23,2246,Adult,S11,T1,
6/18/23,2247,Adult,S11,T1,
6/18/23,2248,Adult,S11,T1,
6/18/23,2249,Adult,S11,T1,
6/18/23,2250,Adult,S11,T1,
6/18/23,2251,Recruit,S11,T1,
6/18/23,2252,Recruit,S11,T1,
6/18/23,2253,Recruit,S11,T1,
6/18/23,2254,Recruit,S11,T1,
6/18/23,2255,Adult,S11,T1,
6/18/23,2256,Adult,S11,T1,
6/18/23,2257,Recruit,S11,T1,
6/18/23,2258,Recruit,S11,T1,
6/18/23,2259,Recruit,S11,T1,
6/18/23,2260,Recruit,S11,T1,
6/18/23,2261,Recruit,S11,T1,
6/18/23,2262,Adult,S11,T1,
6/18/23,2263,Recruit,S11,T1,
6/18/23,2264,Adult,S11,T1,
6/18/23,2265,Recruit,S11,T1,
6/18/23,2266,Adult,S11,T1,
6/18/23,2267,Adult,S11,T1,
6/18/23,2268,Adult,S11,T1,
6/18/23,2269,Adult,S11,T1,
6/18/23,2270,Recruit,S11,T1,
6/18/23,2271,Adult,S11,T1,
6/18/23,2272,Adult,S11,T1,
6/18/23,2273,Adult,S11,T1,
6/18/23,2274,Adult,S11,T1,
6/18/23,2275,Adult,S11,T1,
6/18/23,2276,Adult,S11,T1,
6/18/23,2277,Recruit,S11,T1,
6/18/23,2278,Adult,S11,T1,
6/18/23,2279,Adult,S11,T1,
6/18/23,2280,Adult,S11,T1,
6/18/23,2281,Recruit,S11,T1,
6/18/23,2282,Adult,S11,T1,
6/18/23,2283,Adult,S11,T1,
6/18/23,2284,Recruit,S11,T1,
6/18/23,2285,Recruit,S11,T1,
6/18/23,2286,Recruit,S11,T1,
6/18/23,2287,Adult,S11,T1,
6/18/23,2288,Adult,S11,T1,
6/18/23,2289,Adult,S11,T1,
6/18/23,2290,Recruit,S11,T1,
6/18/23,2291,Adult,S11,T1,
6/18/23,2292,Adult,S11,T1,
6/18/23,2293,Adult,S11,T1,
6/18/23,2294,Adult,S11,T1,
6/18/23,2295,Recruit,S11,T1,
6/18/23,2296,Recruit,S11,T1,
6/18/23,2297,Recruit,S11,T1,
6/18/23,2298,Recruit,S11,T1,
6/18/23,2299,Recruit,S11,T1,
6/18/23,2300,Recruit,S11,T1,
6/18/23,2301,Adult,S11,T1,
6/18/23,2302,Adult,S11,T1,
6/18/23,2303,Recruit,S11,T1,
6/18/23,2304,Recruit,S11,T1,
6/18/23,2305,Adult,S11,T1,
6/18/23,2306,Recruit,S11,T1,
6/18/23,2307,Recruit,S11,T1,
6/18/23,2308,Recruit,S11,T1,
6/18/23,2309,Recruit,S11,T1,
6/18/23,2310,Recruit,S11,T1,
6/18/23,2311,Recruit,S11,T1,
6/18/23,2312,Recruit,S11,T1,
6/18/23,2313,Recruit,S11,T1,
6/18/23,2314,Recruit,S11,T1,
6/18/23,2315,Recruit,S11,T1,
6/18/23,2316,Adult,S11,T1,
6/18/23,2317,Adult,S11,T1,
6/18/23,2318,Recruit,S11,T1,
6/18/23,2319,Recruit,S11,T1,
6/18/23,2320,Recruit,S11,T1,
6/18/23,2321,Recruit,S11,T1,
6/18/23,2322,Adult,S11,T1,
6/18/23,2323,Adult,S11,T1,
6/18/23,2324,Recruit,S11,T1,
6/19/23,2105,Recruit,S11,T2,
6/19/23,2106,Adult,S11,T2,
6/19/23,2107,Adult,S11,T2,
6/19/23,2108,Adult,S11,T2,
6/19/23,2109,Adult,S11,T2,
6/19/23,2110,Adult,S11,T2,
6/19/23,2111,Adult,S11,T2,
6/19/23,2112,Adult,S11,T2,
6/19/23,2113,Recruit,S11,T2,
6/19/23,2114,Adult,S11,T2,
6/19/23,2115,Recruit,S11,T2,
6/19/23,2116,Recruit,S11,T2,
6/19/23,2117,Recruit,S11,T2,
6/19/23,2118,Adult,S11,T2,
6/19/23,2119,Recruit,S11,T2,
6/19/23,2120,Adult,S11,T2,
6/19/23,2121,Adult,S11,T2,
6/19/23,2122,Recruit,S11,T2,
6/19/23,2123,Recruit,S11,T2,
6/19/23,2124,Adult,S11,T2,
6/19/23,2125,Recruit,S11,T2,
6/19/23,2126,Recruit,S11,T2,
6/19/23,2127,Recruit,S11,T2,
6/19/23,2128,Recruit,S11,T2,
6/19/23,2129,Adult,S11,T2,
6/19/23,2130,Adult,S11,T2,
6/19/23,2131,Adult,S11,T2,
6/19/23,2132,Adult,S11,T2,
6/19/23,2133,Adult,S11,T2,
6/19/23,2134,Recruit,S11,T2,
6/19/23,2135,Adult,S11,T2,
6/19/23,2136,Recruit,S11,T2,
6/19/23,2137,Adult,S11,T2,
6/19/23,2138,Adult,S11,T2,
6/19/23,2139,Recruit,S11,T2,
6/19/23,2140,Recruit,S11,T2,
6/19/23,2141,Recruit,S11,T2,
6/19/23,2142,Recruit,S11,T2,
6/19/23,2143,Adult,S11,T2,
6/19/23,2144,Recruit,S11,T2,
6/19/23,2145,Adult,S11,T2,
6/19/23,2146,Recruit,S11,T2,
6/19/23,2147,Adult,S11,T2,
6/19/23,2149,Recruit,S11,T2,
6/19/23,2151,Adult,S11,T2,
6/19/23,2152,Recruit,S11,T2,
6/19/23,2153,Recruit,S11,T2,
6/19/23,2154,Recruit,S11,T2,
6/19/23,2155,Recruit,S11,T2,
6/19/23,2156,Adult,S11,T2,
6/19/23,2157,Recruit,S11,T2,
6/19/23,2158,Recruit,S11,T2,
6/19/23,2159,Adult,S11,T2,
6/19/23,2170,Adult,S11,T2,
6/19/23,2227,Recruit,S11,T2,
6/19/23,2228,Adult,S11,T2,
7/18/23,2027,Adult,S2,T6,
7/18/23,2028,Recruit,S2,T6,
7/18/23,2030,NA,S2,T6,
7/18/23,2029,Recruit,S2,T6,
7/18/23,2031,Adult,S2,T6,
7/18/23,2032,Recruit,S2,T6,
7/18/23,2033,Recruit,S2,T6,
7/18/23,2034,Recruit,S2,T6,
7/18/23,2035,Recruit,S2,T6,
7/18/23,2036,Adult,S2,T6,
7/18/23,2037,Recruit,S2,T6,
7/18/23,2038,Recruit,S2,T6,
7/18/23,2039,Recruit,S2,T6,
7/18/23,2040,Recruit,S2,T6,
7/18/23,2042,Recruit,S2,T6,
7/18/23,2043,Recruit,S2,T6,
7/18/23,2044,Adult,S2,T6,
7/18/23,2045,Recruit,S2,T6,
7/18/23,2053,Recruit,S2,T6,
7/18/23,2041,Recruit,S2,T6,
7/18/23,2171,Recruit,S2,T6,
7/18/23,2172,Recruit,S2,T6,
7/18/23,2173,Recruit,S2,T6,
7/18/23,2174,Recruit,S2,T6,
7/18/23,2175,Recruit,S2,T6,
7/18/23,2226,Recruit,S2,T6,
7/18/23,2229,Adult,S2,T6,
7/18/23,2232,Recruit,S2,T6,
7/18/23,2230,Recruit,S2,T6,
7/18/23,2231,Recruit,S2,T6,
7/18/23,2233,Recruit,S2,T6,
7/18/23,2234,Recruit,S2,T6,
7/18/23,2235,Recruit,S2,T6,
7/18/23,2236,Recruit,S2,T6,
7/18/23,2238,Recruit,S2,T6,
7/18/23,2239,Recruit,S2,T6,
7/26/23,2046,Adult,S15,T2,
7/26/23,2047,Recruit,S15,T2,
7/26/23,2048,Recruit,S15,T2,
7/26/23,2049,Adult,S15,T2,
7/26/23,2050,Adult,S15,T2,
7/26/23,2051,Recruit,S15,T2,
7/26/23,2052,Recruit,S15,T2,
7/26/23,2054,Adult,S15,T2,
7/26/23,2055,Recruit,S15,T2,
7/26/23,2056,Recruit,S15,T2,
7/26/23,2057,Adult,S15,T2,
7/26/23,2058,Recruit,S15,T2,
7/26/23,2059,Adult,S15,T2,
7/26/23,2060,Adult,S15,T2,
7/26/23,2061,Recruit,S15,T2,
7/26/23,2062,Adult,S15,T2,
7/26/23,2063,Adult,S15,T2,
7/26/23,2064,Adult,S15,T2,
7/26/23,2065,Recruit,S15,T2,
7/26/23,2066,Adult,S15,T2,
7/26/23,2067,Recruit,S15,T2,
7/26/23,2068,Adult,S15,T2,
7/26/23,2069,Recruit,S15,T2,
7/26/23,2071,NA,S15,T2,
7/26/23,2070,Adult,S15,T2,
7/26/23,2072,Adult,S15,T2,
7/26/23,2073,Adult,S15,T2,
7/26/23,2074,Recruit,S15,T2,
7/26/23,2075,Recruit,S15,T2,
7/26/23,2076,Adult,S15,T2,
7/26/23,2077,Recruit,S15,T2,
7/26/23,2078,Adult,S15,T2,
7/26/23,2079,Recruit,S15,T2,
7/26/23,2080,Recruit,S15,T2,
7/26/23,2171,Recruit,S15,T2,
7/26/23,2176,Adult,S15,T2,
7/26/23,2177,Adult,S15,T2,
7/26/23,2178,Adult,S15,T2,
7/26/23,2179,Adult,S15,T2,
7/26/23,2180,Recruit,S15,T2,
7/26/23,2181,Adult,S15,T2,
7/26/23,2182,Adult,S15,T2,
7/26/23,2183,Adult,S15,T2,
7/26/23,2184,Adult,S15,T2,
7/26/23,2185,Adult,S15,T2,
7/26/23,2186,Adult,S15,T2,
7/26/23,2187,Recruit,S15,T2,
7/26/23,2188,Adult,S15,T2,
7/26/23,2189,Recruit,S15,T2,
7/26/23,2190,Adult,S15,T2,
7/26/23,2191,Recruit,S15,T2,
7/26/23,2192,Adult,S15,T2,
7/26/23,2193,Adult,S15,T2,
7/26/23,2194,Adult,S15,T2,
7/26/23,2195,Recruit,S15,T2,
7/26/23,2196,Adult,S15,T2,
7/26/23,2197,Adult,S15,T2,
7/26/23,2198,Recruit,S15,T2,
7/26/23,2199,Recruit,S15,T2,
7/26/23,2200,Recruit,S15,T2,
7/26/23,2201,Adult,S15,T2,
7/26/23,2202,Recruit,S15,T2,
7/26/23,2203,Adult,S15,T2,
7/26/23,2204,Adult,S15,T2,
7/26/23,2205,Adult,S15,T2,
7/26/23,2206,Adult,S15,T2,
7/26/23,2207,Recruit,S15,T2,
7/26/23,2208,Adult,S15,T2,
7/26/23,2209,Adult,S15,T2,
7/26/23,2210,Adult,S15,T2,
7/26/23,2211,Recruit,S15,T2,
7/26/23,2212,Recruit,S15,T2,
7/26/23,2213,Adult,S15,T2,
7/26/23,2214,Adult,S15,T2,
7/26/23,2215,Adult,S15,T2,
7/26/23,2216,Adult,S15,T2,
7/26/23,2217,Adult,S15,T2,
7/26/23,2218,Adult,S15,T2,
7/26/23,2219,Adult,S15,T2,
7/26/23,2220,Adult,S15,T2,
7/26/23,2221,Recruit,S15,T2,
7/26/23,2222,Adult,S15,T2,
7/26/23,2223,Adult,S15,T2,
7/26/23,2224,Adult,S15,T2,
7/26/23,2225,Adult,S15,T2,
7/28/23,2081,Recruit,S15,T3,
7/28/23,2082,Recruit,S15,T3,
7/28/23,2083,Recruit,S15,T3,
7/28/23,2084,Recruit,S15,T3,
7/28/23,2325,Recruit,S15,T3,
7/28/23,2326,Adult,S15,T3,
7/28/23,2327,Recruit,S15,T3,
7/28/23,2328,Recruit,S15,T3,
7/28/23,2329,Recruit,S15,T3,
7/28/23,2330,Adult,S15,T3,
7/28/23,2331,Recruit,S15,T3,
7/28/23,2332,Adult,S15,T3,
7/28/23,2333,Adult,S15,T3,
7/28/23,2334,Recruit,S15,T3,
7/28/23,2335,Recruit,S15,T3,
7/28/23,2336,Recruit,S15,T3,
7/28/23,2337,Adult,S15,T3,
7/28/23,2338,Recruit,S15,T3,
7/28/23,2339,Recruit,S15,T3,
7/28/23,2340,Recruit,S15,T3,
7/28/23,2341,Adult,S15,T3,
7/28/23,2342,Adult,S15,T3,
7/28/23,2343,Recruit,S15,T3,
7/28/23,2344,Recruit,S15,T3,
7/28/23,2345,Adult,S15,T3,
7/28/23,2346,Adult,S15,T3,
7/28/23,2347,Adult,S15,T3,
7/28/23,2348,Adult,S15,T3,
7/28/23,2349,Adult,S15,T3,
7/28/23,2350,Adult,S15,T3,
7/28/23,2351,Recruit,S15,T3,
7/28/23,2352,Recruit,S15,T3,
7/28/23,2353,Adult,S15,T3,
7/28/23,2354,Adult,S15,T3,
7/28/23,2355,Recruit,S15,T3,
7/28/23,2356,Adult,S15,T3,
7/28/23,2357,Recruit,S15,T3,
7/28/23,2358,Recruit,S15,T3,
7/28/23,2359,Recruit,S15,T3,
7/28/23,2360,Adult,S15,T3,
7/28/23,2361,Adult,S15,T3,
7/28/23,2362,Recruit,S15,T3,
7/28/23,2363,Adult,S15,T3,
7/28/23,2364,Recruit,S15,T3,
7/28/23,2365,Adult,S15,T3,
7/28/23,2366,Recruit,S15,T3,
7/28/23,2367,Adult,S15,T3,
7/28/23,2368,Adult,S15,T3,
7/28/23,2369,Adult,S15,T3,
7/28/23,2370,Adult,S15,T3,
7/28/23,2371,Recruit,S15,T3,
7/28/23,2372,Recruit,S15,T3,
7/28/23,2373,Adult,S15,T3,
7/28/23,2374,Recruit,S15,T3,
7/28/23,2375,Recruit,S15,T3,
7/28/23,2376,Recruit,S15,T3,
7/28/23,2377,Recruit,S15,T3,
7/28/23,2378,Recruit,S15,T3,
7/28/23,2379,Adult,S15,T3,
7/28/23,2380,Adult,S15,T3,
7/28/23,2381,Adult,S15,T3,
7/28/23,2382,Recruit,S15,T3,
7/28/23,2383,Adult,S15,T3,
7/28/23,2384,Recruit,S15,T3,
7/28/23,2385,Adult,S15,T3,
7/28/23,2386,Adult,S15,T3,
7/28/23,2387,Recruit,S15,T3,
7/28/23,2388,Adult,S15,T3,
7/28/23,2389,Recruit,S15,T3,
7/28/23,2390,Adult,S15,T3,
7/28/23,2391,Adult,S15,T3,
7/28/23,2392,Recruit,S15,T3,
7/28/23,2393,Adult,S15,T3,
7/28/23,2394,Adult,S15,T3,
7/28/23,2395,Adult,S15,T3,
7/28/23,2396,Adult,S15,T3,
7/28/23,2397,Adult,S15,T3,
7/28/23,2398,Adult,S15,T3,
7/28/23,2399,Adult,S15,T3,
7/28/23,2400,Adult,S15,T3,
7/28/23,2401,Recruit,S15,T3,
7/28/23,2402,Adult,S15,T3,
7/28/23,2403,Recruit,S15,T3,
7/28/23,2404,Adult,S15,T3,
7/28/23,2405,Adult,S15,T3,
7/28/23,2406,Adult,S15,T3,
7/28/23,2407,Recruit,S15,T3,
7/28/23,2408,Adult,S15,T3,
7/28/23,2409,Adult,S15,T3,
7/28/23,2410,Adult,S15,T3,
7/28/23,2411,Adult,S15,T3,
7/28/23,2412,Adult,S15,T3,
7/28/23,2413,Recruit,S15,T3,
7/28/23,2414,Recruit,S15,T3,
7/28/23,2415,Recruit,S15,T3,
7/28/23,2416,Recruit,S15,T3,
7/28/23,2417,Adult,S15,T3,
7/28/23,2418,Recruit,S15,T3,
7/28/23,2419,Adult,S15,T3,
7/28/23,2420,Recruit,S15,T3,
7/28/23,2421,Adult,S15,T3,
7/28/23,2422,Recruit,S15,T3,
7/28/23,2423,Recruit,S15,T3,
7/28/23,2424,Adult,S15,T3,
7/28/23,2425,Recruit,S15,T3,
7/28/23,2426,Adult,S15,T3,
7/28/23,2427,Recruit,S15,T3,
7/28/23,2428,Adult,S15,T3,
7/28/23,2429,Adult,S15,T3,
7/28/23,2430,Recruit,S15,T3,
7/28/23,2431,Recruit,S15,T3,
7/28/23,2432,Adult,S15,T3,
7/28/23,2433,Adult,S15,T3,
7/28/23,2434,Adult,S15,T3,
7/28/23,2435,Adult,S15,T3,
7/28/23,2436,Recruit,S15,T3,
7/28/23,2437,Adult,S15,T3,
7/28/23,2438,Adult,S15,T3,
7/28/23,2439,Adult,S15,T3,
7/28/23,2440,Recruit,S15,T3,
7/28/23,2441,Recruit,S15,T3,
7/28/23,2442,Recruit,S15,T3,
7/28/23,2443,Adult,S15,T3,
7/28/23,2444,Adult,S15,T3,
7/28/23,2445,Recruit,S15,T3,
7/28/23,2446,Recruit,S15,T3,
7/28/23,2447,Adult,S15,T3,
7/28/23,2448,Adult,S15,T3,
7/28/23,2449,Adult,S15,T3,
7/28/23,2450,Adult,S15,T3,
7/28/23,2451,Adult,S15,T3,
7/28/23,2452,Recruit,S15,T3,
7/28/23,2453,Adult,S15,T3,
7/28/23,2454,Adult,S15,T3,
8/5/23,2252,Adult,S15,T4,
8/5/23,2553,Adult,S15,T4,
8/5/23,2554,Adult,S15,T4,
8/5/23,2555,Recruit,S15,T4,
8/5/23,2556,Adult,S15,T4,
8/5/23,2557,Adult,S15,T4,
8/5/23,2619,Recruit,S15,T4,
8/5/23,2620,Recruit,S15,T4,
8/5/23,2621,Adult,S15,T4,
8/5/23,2622,Adult,S15,T4,
8/5/23,2623,Recruit,S15,T4,
8/5/23,2634,Adult,S15,T4,
8/5/23,2635,Adult,S15,T4,
8/5/23,2636,Adult,S15,T4,
8/5/23,2637,Adult,S15,T4,
8/5/23,2638,Adult,S15,T4,
8/5/23,2639,Adult,S15,T4,
8/5/23,2640,Adult,S15,T4,
8/5/23,2641,Recruit,S15,T4,
8/5/23,2642,Adult,S15,T4,
8/5/23,2643,Adult,S15,T4,
8/5/23,2644,Adult,S15,T4,
8/5/23,2645,Recruit,S15,T4,
8/5/23,2646,Adult,S15,T4,
8/5/23,2647,Adult,S15,T4,
8/5/23,2648,Adult,S15,T4,
8/5/23,2649,Recruit,S15,T4,
8/5/23,2650,Adult,S15,T4,
8/5/23,2651,Recruit,S15,T4,
8/5/23,2652,Recruit,S15,T4,
8/5/23,2653,Recruit,S15,T4,
8/5/23,2654,Adult,S15,T4,
8/5/23,2655,Adult,S15,T4,
8/5/23,2656,Adult,S15,T4,
8/5/23,2657,Recruit,S15,T4,
8/5/23,2658,Adult,S15,T4,
8/5/23,2659,Adult,S15,T4,
8/5/23,2660,Recruit,S15,T4,
8/5/23,2661,Adult,S15,T4,
8/5/23,2662,Recruit,S15,T4,
8/5/23,2663,Adult,S15,T4,
8/5/23,2664,Adult,S15,T4,
8/5/23,2665,Adult,S15,T4,
8/5/23,2666,Adult,S15,T4,
8/5/23,2667,Adult,S15,T4,
8/5/23,2668,Recruit,S15,T4,
8/5/23,2669,Adult,S15,T4,
8/5/23,2670,Adult,S15,T4,
8/5/23,2671,Adult,S15,T4,
8/5/23,2672,Recruit,S15,T4,
8/5/23,2673,Adult,S15,T4,
8/5/23,2674,Adult,S15,T4,
8/5/23,2675,Adult,S15,T4,
8/5/23,2676,Recruit,S15,T4,
8/5/23,2677,Adult,S15,T4,
8/5/23,2678,Adult,S15,T4,
8/5/23,2679,Adult,S15,T4,
8/5/23,2680,Adult,S15,T4,
8/5/23,2681,Adult,S15,T4,
8/5/23,2682,Adult,S15,T4,
8/5/23,2683,Adult,S15,T4,
8/5/23,2685,Adult,S15,T4,